{
  "train_losses": [
    1.1189428367614747,
    0.8873047687530518,
    0.8186609124183655,
    0.7697787759780884,
    0.7396700723648071,
    0.7176636140823365,
    0.6997992067337037,
    0.6835771427154541,
    0.6699216311454773,
    0.658343325138092,
    0.6477358031272888,
    0.6398277114868164,
    0.6314891209602356,
    0.6242347043037415,
    0.6180028171539307,
    0.6120586338996887,
    0.6061342235565186,
    0.6012005431175232,
    0.5958533330917358,
    0.5919702114105224,
    0.5885137373924255,
    0.5843777716636658,
    0.580993682384491,
    0.5783674510955811,
    0.5744175450325012,
    0.5723224485397339,
    0.5692356407165527,
    0.5671151752471923,
    0.5643360078811646,
    0.5616688385009766,
    0.560257094669342,
    0.5573241499900818,
    0.556261790561676,
    0.5533275750160217,
    0.5519682291030884,
    0.5506131942749023,
    0.5486904441833496,
    0.5469814024925231,
    0.5454840195655822,
    0.5440906349182129,
    0.5423517941951752,
    0.541210785484314,
    0.5401936828613281,
    0.538763605594635,
    0.5372598283290863,
    0.5368041757583618,
    0.5352416481018066,
    0.5340275430679321,
    0.5331400208473206,
    0.5322002116680146,
    0.530794541311264,
    0.5298726185798645,
    0.5286261496543885,
    0.5281523878097534,
    0.5267849309921264,
    0.5264250553607941,
    0.5249248395442963,
    0.5241436252593994,
    0.5233980602741242,
    0.5227439799785614,
    0.52172201089859,
    0.5210093318462372,
    0.5203152489185333,
    0.519324976682663,
    0.5183460993766784,
    0.5172604427337647,
    0.5168906760692596,
    0.5162794545173645,
    0.5155380940437317,
    0.5142151596069336,
    0.5139608398914337,
    0.5132132263183594,
    0.5125837255954743,
    0.5117487757205963,
    0.5104988934993744,
    0.5101697769165039,
    0.509257515335083,
    0.5091275849342346,
    0.5078867937564849,
    0.5073726805210114,
    0.5067653960227966,
    0.50631313996315,
    0.5065833476066589,
    0.5049240735054016,
    0.5042899037361145,
    0.5038342153072357,
    0.502509859752655,
    0.5022410289764404,
    0.5017568091392517,
    0.5015660683631897,
    0.5001931118011474,
    0.49957697081565855,
    0.49935406723022463,
    0.4987028670310974,
    0.498440344953537,
    0.49782932081222536,
    0.49658118138313295,
    0.49647847199440004,
    0.49580214195251465,
    0.495382733297348
  ],
  "best_loss": 0.495382733297348,
  "total_time": 9706.778535842896,
  "config": {
    "learning_rate": 0.0001,
    "epochs": 100,
    "vocab_size": 11,
    "model": "medium_WMShared"
  }
}