{
  "train_losses": [
    2.350672109111859,
    1.6491436396434809,
    1.3831464553334911,
    1.2393174346085567,
    1.1355146860620777,
    1.0534015962272694,
    0.989806587908678,
    0.9390155566725761,
    0.8936476020296668,
    0.8525928167780493,
    0.8183483583911969,
    0.7912551270928353,
    0.7687028209874585,
    0.7511326860470376,
    0.7362020459904033,
    0.7211253821470176,
    0.7095096676972261,
    0.6982680798336199,
    0.6893957120597742,
    0.6794742998803497,
    0.6723085220452327,
    0.663876596150125,
    0.6567691534188143,
    0.6489985304273618,
    0.6418550842127223,
    0.6373160766188506,
    0.63126506205577,
    0.62452687199708,
    0.6213113099906096,
    0.6172335257955418,
    0.6132635105947021,
    0.607376279344984,
    0.6033027285982848,
    0.600130670389552,
    0.5960087237084747,
    0.5930556620761847,
    0.5894585061984458,
    0.5850111724464757,
    0.5810176430234484,
    0.5779866807779689,
    0.5764554458059323,
    0.5732815804754853,
    0.5701710703266654,
    0.567453456912071,
    0.5643187427217033,
    0.5623708249657018,
    0.5616118311882019,
    0.5582810739043412,
    0.5571215915831791,
    0.5549823968273819,
    0.5520277243510933,
    0.5506829133458958,
    0.5469512324424306,
    0.5440348162772549,
    0.5438911882555408,
    0.5418919317281929,
    0.5411691787136588,
    0.5371633595342089,
    0.5368728565562303,
    0.5354172963245659,
    0.5323244392112562,
    0.5336156724744542,
    0.5320932779722153,
    0.5288441496290219,
    0.5262808883266085,
    0.5254740963695915,
    0.5231044841040472,
    0.5229088542567697,
    0.5227510038834469,
    0.5207538069433467,
    0.5206958604086737,
    0.5188379139657233,
    0.5161537603967509,
    0.5150586104696724,
    0.5125997937788629,
    0.5125641076807763,
    0.510708542196614,
    0.5111872432338205,
    0.5106786248410583,
    0.5082527776812292,
    0.5069457019210621,
    0.505226253703901,
    0.5057733385426224,
    0.5040707218039567,
    0.5036179341708019,
    0.5026262385450351,
    0.5010302025041763,
    0.5005871207471106,
    0.4985854819322088,
    0.4988393301417114,
    0.49879140117365844,
    0.49582420128166294,
    0.4954643737358652,
    0.49492108651027555,
    0.4928095773526817,
    0.4918513926351146,
    0.4913970380072381,
    0.49174366426316035,
    0.48980359040248167,
    0.4897222435398466
  ],
  "best_loss": 0.4897222435398466,
  "total_time": 313.18629002571106,
  "config": {
    "learning_rate": 0.0001,
    "epochs": 100,
    "vocab_size": 16,
    "model": "tiny_BaseShared"
  }
}