{
  "train_losses": [
    1.824096473918599,
    1.1275685532077862,
    0.9558243964128433,
    0.8445762783099132,
    0.7596034908750254,
    0.7015430152795876,
    0.6613874439221279,
    0.6324787037387775,
    0.6115698829577987,
    0.5948951077309383,
    0.579653340919762,
    0.5678281203197066,
    0.5565264209820207,
    0.5494076913329446,
    0.5391787076072329,
    0.53050890640848,
    0.5252433075646686,
    0.5183449581170537,
    0.5121965543100029,
    0.5065540519489604,
    0.5014319222444182,
    0.4969498797966416,
    0.4940267719660595,
    0.4887249832320365,
    0.4857804173496878,
    0.4814354667238369,
    0.478563844018681,
    0.4762199754547921,
    0.4712756688048126,
    0.4678778547769899,
    0.46719667353447836,
    0.4623831273264186,
    0.460666225024849,
    0.45672535554618593,
    0.45334731545417933,
    0.45121303922051836,
    0.448225571281591,
    0.44749821124562794,
    0.4436026724280825,
    0.441602378703986,
    0.4405852765034718,
    0.43756810798766504,
    0.4363722290582718,
    0.4331245834280731,
    0.43129372881476286,
    0.4281534377936345,
    0.4271536537796069,
    0.42663872222991506,
    0.4245657495632293,
    0.42310140466993784,
    0.4222678741452041,
    0.4193087123381864,
    0.4168873224288795,
    0.41651150204573467,
    0.41475737968068216,
    0.41251792744466453,
    0.4103766899959297,
    0.4100005471023025,
    0.40904564462649595,
    0.4080501893523392,
    0.40767449330372413,
    0.40535037191050827,
    0.4038448104053546,
    0.4033320620181454,
    0.4018195774524834,
    0.3993779781517709,
    0.39875020722674714,
    0.39852648157223014,
    0.39666041371169364,
    0.3977260779423319,
    0.3937322654921538,
    0.3939703968679829,
    0.3930661382189222,
    0.39147050878044903,
    0.3905815411904815,
    0.3891878055918748,
    0.38865485028096824,
    0.3877612580159667,
    0.3860432989658064,
    0.386034679830454,
    0.3837588850859624,
    0.3828821451800644,
    0.3825648810453476,
    0.38261135368590143,
    0.3802386497616009,
    0.3785669585322119,
    0.3792223414038397,
    0.37703809199059846,
    0.3764627266461682,
    0.37531522675684303,
    0.37547526503824125,
    0.37524593388958344,
    0.3737582499813882,
    0.37441455444712546,
    0.37175997901873986,
    0.3709423346504284,
    0.3703344762325287,
    0.3696825118960848,
    0.3694579305162855,
    0.36842903418905415
  ],
  "best_loss": 0.36842903418905415,
  "total_time": 420.74896001815796,
  "config": {
    "learning_rate": 0.0001,
    "epochs": 100,
    "vocab_size": 16,
    "model": "small_BaseShared"
  }
}