{
  "train_losses": [
    1.3072587429046632,
    1.0073166708946228,
    0.9173257974624633,
    0.8750273871421814,
    0.8467841032981872,
    0.823707239151001,
    0.8071245653152466,
    0.791934464931488,
    0.7796221467018127,
    0.7705343497276306,
    0.7619528501510621,
    0.7544319952964783,
    0.7471924058914184,
    0.7419038084030152,
    0.7369007888793946,
    0.7308071487426758,
    0.7261330332756043,
    0.7209645197868347,
    0.7163169506072998,
    0.712736233997345,
    0.7083844760894775,
    0.7048670123100281,
    0.7019119581222534,
    0.6980974209785461,
    0.6950892224311829,
    0.6920940559387208,
    0.6887768147468567,
    0.6852962357521057,
    0.6831832830429078,
    0.6807745875358582,
    0.676809072971344,
    0.6747828812599183,
    0.6728664274215699,
    0.6696569049835205,
    0.6680990481376647,
    0.665929305267334,
    0.6644176323890686,
    0.6619548934936523,
    0.659403293800354,
    0.6577705082893371,
    0.6563883428573608,
    0.6546357649803162,
    0.6529864935874939,
    0.6521847149848938,
    0.6501991952896118,
    0.6486133275032043,
    0.6476199702262878,
    0.6456201063156128,
    0.6445801211357116,
    0.6430170475006104,
    0.6418695903778077,
    0.6410962080955506,
    0.6395880361557007,
    0.6387464960098267,
    0.637346053981781,
    0.63606412525177,
    0.6352801522254944,
    0.6339821268081665,
    0.6330174701690674,
    0.6321671099662781,
    0.631596817111969,
    0.6306005544662475,
    0.6290106815338135,
    0.6283224129676819,
    0.6274600152015686,
    0.6270686188697815,
    0.6263245018959045,
    0.6253949258804321,
    0.6246387283325195,
    0.6235650882720948,
    0.6229385521888733,
    0.6221264149665833,
    0.6216321966171264,
    0.6200343147277833,
    0.6197080132484436,
    0.6191344864845276,
    0.6183306891441345,
    0.6174328217506408,
    0.6171781891822815,
    0.6162496738433838,
    0.6158604690551758,
    0.61533529920578,
    0.6143194175720215,
    0.614195911026001,
    0.6131408902168274,
    0.6130004852294922,
    0.6122661516189575,
    0.6114085931777954,
    0.610660688495636,
    0.6108563136100769,
    0.6100161098480225,
    0.6089012909889221,
    0.6084570467948913,
    0.6083476824760436,
    0.6080618911743164,
    0.6070202295303345,
    0.6064640069007874,
    0.6063566396713257,
    0.6056498855590821,
    0.6060726902008057
  ],
  "best_loss": 0.6056498855590821,
  "total_time": 4475.249988079071,
  "config": {
    "learning_rate": 0.0001,
    "epochs": 100,
    "vocab_size": 11,
    "model": "small_WM"
  }
}