{
  "train_losses": [
    1.419933136177063,
    1.215767984199524,
    1.1756287328720092,
    1.154895952987671,
    1.1418443964004517,
    1.1329858814239502,
    1.1262087882995606,
    1.121098080253601,
    1.1163654258728026,
    1.1126886642456055,
    1.1087949424743653,
    1.1055587490081786,
    1.1028266729354859,
    1.1002028200149536,
    1.0967579307556152,
    1.0938649534225464,
    1.091358261871338,
    1.0886065935134888,
    1.085594457435608,
    1.0831540575027465,
    1.0800116940498352,
    1.0776752418518067,
    1.0752786254882813,
    1.0725084739685058,
    1.0703173822402954,
    1.0680309891700746,
    1.0666735494613648,
    1.0654110337257385,
    1.0626268560409546,
    1.060571339416504,
    1.0591885655403137,
    1.0583106070518493,
    1.0564442289352416,
    1.0559574315071105,
    1.0535144508361816,
    1.0524674094200135,
    1.0508461802482605,
    1.0500574117660522,
    1.0480233389854432,
    1.0475415011405944,
    1.0457269050598144,
    1.0444480432510377,
    1.043418049144745,
    1.042409564781189,
    1.0411532759666442,
    1.0393425446510316,
    1.0392122559547425,
    1.0371669192314148,
    1.036289315509796,
    1.0347867790222167,
    1.0339482293128968,
    1.0330890112876892,
    1.031806465435028,
    1.0309727020263673,
    1.0298061776161194,
    1.0291821257591247,
    1.0283952890396117,
    1.027021214389801,
    1.0260528827667237,
    1.025146976661682,
    1.02447855386734,
    1.0229775626182556,
    1.0224504481315613,
    1.0219352941513062,
    1.0206814710617065,
    1.0193543935775757,
    1.0190716444969177,
    1.0179305808067323,
    1.0172082787513732,
    1.0170157021522521,
    1.015680374622345,
    1.0151210549354552,
    1.0142573795318603,
    1.0131442594528197,
    1.0130418813705444,
    1.0126529874801635,
    1.0116014494895935,
    1.0111067598342895,
    1.0103022274971007,
    1.0094223724365234,
    1.008540897655487,
    1.0083546073913574,
    1.0074576182365418,
    1.0056547496795654,
    1.005852134513855,
    1.0052161016464234,
    1.0045400771141053,
    1.0049222400665283,
    1.0034505562782288,
    1.0028379959106446,
    1.0020984432220459,
    1.0009784044265746,
    1.0010518568992615,
    1.0008207178115844,
    1.0002726099967956,
    0.9986959846496583,
    0.9982209697723389,
    0.9974878678321838,
    0.9970482931137085,
    0.9962539812088013
  ],
  "best_loss": 0.9962539812088013,
  "total_time": 4706.320411205292,
  "config": {
    "learning_rate": 0.0001,
    "epochs": 100,
    "vocab_size": 11,
    "model": "small_BaseShared"
  }
}