{
  "train_losses": [
    0.8525697148529587,
    0.5422084988302486,
    0.4782238150857816,
    0.4405205420627715,
    0.4166877772777703,
    0.3986974424996953,
    0.38433650477676634,
    0.3706820776128465,
    0.3602686492121144,
    0.3478319339311806,
    0.340234788170286,
    0.3308496084182885,
    0.3250942368795917,
    0.31834068571685986,
    0.3121989449118353,
    0.3088722126499103,
    0.3023156586346353,
    0.2972706924578187,
    0.29346953892404104,
    0.28878163228369064,
    0.2861501790915325,
    0.283524182571727,
    0.28086650789163675,
    0.2766033497395789,
    0.2744285697769967,
    0.27059108474452026,
    0.2693031627661104,
    0.26687759217942597,
    0.26640858496450315,
    0.26353574036412936,
    0.2606675735894282,
    0.2588882900916847,
    0.2571001733374444,
    0.2554851834941062,
    0.2547081830395255,
    0.25235372591929833,
    0.25135922972943375,
    0.2498522809926112,
    0.24945294372974688,
    0.24878538091471242,
    0.24673439695197305,
    0.24554696536747514,
    0.24547040348599672,
    0.24303765898677193,
    0.2435814229546079,
    0.24269034737234663,
    0.24165488020249992,
    0.24062746003934532,
    0.2400460800357685,
    0.23829387678841876,
    0.23744094162989574,
    0.23830459091314085,
    0.23773329966007525,
    0.2367978481350431,
    0.2365647181393994,
    0.23478968052347754,
    0.2345711138028248,
    0.23507319647035782,
    0.23492406441527566,
    0.23298820767812667,
    0.23333109099014548,
    0.23173468735567324,
    0.2310996280544123,
    0.2319092260804146,
    0.23124159189166538,
    0.23096067937696055,
    0.2303401283967267,
    0.23031441924298646,
    0.22956906600742583,
    0.2290002311680727,
    0.2296784029454942,
    0.22849426024658664,
    0.22854960638626365,
    0.22731980548542777,
    0.22720519439050346,
    0.22649155936803028,
    0.22625889035926502,
    0.22570955658414563,
    0.22587492815248525,
    0.22672496498770014,
    0.22536019506348168,
    0.22586135433357993,
    0.22534997780231913,
    0.22430932569275996,
    0.2247395223113382,
    0.22328073194452153,
    0.22517298408754313,
    0.2235052055993657,
    0.22398854431453025,
    0.2235342387560826,
    0.22416004946657048,
    0.22262803773591472,
    0.22307415240129846,
    0.22236955289248447,
    0.22174838849693346,
    0.22184668500332316,
    0.22197814200334487,
    0.22205464655806303,
    0.22206055444137307,
    0.2210886110166076
  ],
  "best_loss": 0.2210886110166076,
  "total_time": 2979.9992859363556,
  "config": {
    "learning_rate": 0.0001,
    "epochs": 100,
    "vocab_size": 16,
    "model": "large_Base"
  }
}