{
  "train_losses": [
    1.3613977214813233,
    1.0571984884262084,
    0.9679247454643249,
    0.9285730749130249,
    0.9037839051246643,
    0.8841500887870789,
    0.8672770359992981,
    0.8510889611244201,
    0.8352030947685242,
    0.8212596174240112,
    0.8086746429443359,
    0.7971048101425171,
    0.7871747289657592,
    0.7782059199333191,
    0.7707215783119201,
    0.7640472037315369,
    0.7571399797439575,
    0.7512599920272827,
    0.7453274695396424,
    0.7412509344100953,
    0.7357691765785217,
    0.7315630887985229,
    0.7268877084732056,
    0.7227335140228272,
    0.7187615211486816,
    0.7147983236312866,
    0.7112441303253174,
    0.7077871513366699,
    0.7037952056884765,
    0.7011710706710815,
    0.6981198678970337,
    0.6939782987594605,
    0.6918977613449097,
    0.6874082736968994,
    0.6859669836997986,
    0.6838055752754212,
    0.6814065975189209,
    0.6781276328086853,
    0.6766859827041626,
    0.6741999018669128,
    0.6721788312911987,
    0.6700370115280151,
    0.667538355255127,
    0.6659444548606872,
    0.6646243316650391,
    0.662486384677887,
    0.6602856554031372,
    0.6586769919395447,
    0.657586149597168,
    0.6552919588088989,
    0.6544757504463196,
    0.6531002298355103,
    0.6509907344818116,
    0.6501114640235901,
    0.6488770734786987,
    0.6471973690032959,
    0.6455702682495117,
    0.6439512021064758,
    0.6434642581939697,
    0.6416708093643189,
    0.6407413207054138,
    0.6392219767570496,
    0.638532572555542,
    0.6372278188705445,
    0.6354449694633484,
    0.6346590397834778,
    0.6338210052490234,
    0.6320995872497559,
    0.6320903034210205,
    0.6302878231048584,
    0.6297572787284851,
    0.6283970609664917,
    0.6275295865058899,
    0.627076501083374,
    0.6260053958892823,
    0.6252231203079224,
    0.62422572889328,
    0.6230697631835938,
    0.6223146863937378,
    0.6214355558395386,
    0.6208014513015747,
    0.6201232229232788,
    0.6187312617301941,
    0.6175850459098816,
    0.6178780058860779,
    0.6164821876525879,
    0.6157748002052307,
    0.6151857203483582,
    0.6145732481956482,
    0.613471630859375,
    0.6125794724464416,
    0.6119407668113709,
    0.6119245293617248,
    0.610529230594635,
    0.6099561408996582,
    0.6100571112632751,
    0.6083802778244018,
    0.6081444769859314,
    0.6072434581756592,
    0.606627857208252
  ],
  "best_loss": 0.606627857208252,
  "total_time": 1972.3225519657135,
  "config": {
    "learning_rate": 0.0001,
    "epochs": 100,
    "vocab_size": 11,
    "model": "small_WMShared"
  }
}