{
  "train_losses": [
    1.809171354694731,
    1.1202267165396624,
    0.9509494357807621,
    0.8425193979481983,
    0.7694925202685556,
    0.7179033239935614,
    0.6834955648252159,
    0.6569642500512919,
    0.6351644411967818,
    0.6161174960197158,
    0.600667426160946,
    0.5867772500985747,
    0.5749606771074283,
    0.5639563016830735,
    0.5566158108650499,
    0.5491065451293994,
    0.54009862234638,
    0.5330033847101175,
    0.5277845326122964,
    0.5199309541920948,
    0.5169155375593028,
    0.5095864834299513,
    0.5044032141661189,
    0.5011885266774779,
    0.49551732297156265,
    0.49301791020259733,
    0.4890741079476229,
    0.48471600519623725,
    0.48095996136877944,
    0.4779668569944467,
    0.47675958693407144,
    0.4718319876178814,
    0.46918954439223953,
    0.4672180087703049,
    0.4639817180147596,
    0.4623552386168462,
    0.4602701806338729,
    0.4573196007567606,
    0.45517163747435163,
    0.45237354867777246,
    0.4509519401249612,
    0.44812710839472,
    0.44648378764747815,
    0.4454679734008327,
    0.442993716829142,
    0.4404313285259684,
    0.4394244126453521,
    0.4352499064366529,
    0.43519399803914843,
    0.43330415437935266,
    0.43250227904623484,
    0.42975512222879253,
    0.43015183271116514,
    0.42758497557822306,
    0.42579631004363866,
    0.4247255589172339,
    0.424519400687734,
    0.42131483896522764,
    0.42067350077021654,
    0.41971268965180514,
    0.41759229731407893,
    0.41649884308219715,
    0.41445578625247737,
    0.4119182304971537,
    0.41239145265263355,
    0.4102411888966894,
    0.4110075727010229,
    0.4098475581141794,
    0.4082875792767591,
    0.4056944072626199,
    0.4038538095677734,
    0.40378747244549407,
    0.4013419946667495,
    0.4008330892605387,
    0.4018839149718072,
    0.40043025221794276,
    0.39717672357134,
    0.39795079011066703,
    0.39657162974594506,
    0.3955371078032597,
    0.3945710004135302,
    0.3917488981584075,
    0.39157794463406703,
    0.39069439783977095,
    0.39127721528338777,
    0.3879772762584079,
    0.3875683637181665,
    0.38783902081714317,
    0.3872529144879359,
    0.38669283944330396,
    0.3869711016393771,
    0.38373311385986913,
    0.38268851000032605,
    0.3820266298427703,
    0.3808741778325123,
    0.3812256275088924,
    0.3801487790551155,
    0.37890953850594294,
    0.37777873759816405,
    0.3779831019936094
  ],
  "best_loss": 0.37777873759816405,
  "total_time": 425.23446917533875,
  "config": {
    "learning_rate": 0.0001,
    "epochs": 100,
    "vocab_size": 16,
    "model": "small_Base"
  }
}