{
  "train_losses": [
    1.2528950414657594,
    1.1384951204299927,
    1.11539891166687,
    1.10140487575531,
    1.0868740646362305,
    1.0730971588134766,
    1.0609313329696655,
    1.0507015252113343,
    1.0427288187026977,
    1.0350208218574524,
    1.026981803894043,
    1.0197539476394653,
    1.012654228591919,
    1.0068438668251039,
    1.0010460954666138,
    0.9953793210029602,
    0.9898803465843201,
    0.9854829750061035,
    0.9815050735473633,
    0.9777202564239502,
    0.9720977131843567,
    0.9690446610450745,
    0.9653835034370423,
    0.9619399391174316,
    0.9593121653556824,
    0.9553616380691529,
    0.9525758842468262,
    0.9495898025512696,
    0.946795245552063,
    0.9438185353279114,
    0.9412662287712097,
    0.9395841177940368,
    0.9369190673828125,
    0.934524845790863,
    0.9326946530342102,
    0.9301443453788757,
    0.9283680853843689,
    0.9267389682769775,
    0.9249884654998779,
    0.9225844775199891,
    0.9204170677185058,
    0.9186454996109009,
    0.9161061898231506,
    0.9144589552879333,
    0.9129644072532653,
    0.9117445057868957,
    0.9098996011734009,
    0.9084695477485657,
    0.9064082795143128,
    0.905436361694336,
    0.9032161213874816,
    0.9012567501068115,
    0.8996846131324768,
    0.8983632661819458,
    0.8970561022758484,
    0.8952482633590698,
    0.8942056541442871,
    0.8928958776473999,
    0.8922252813339233,
    0.8900625024795532,
    0.8885033732414246,
    0.8869048610687256,
    0.8860355266571045,
    0.8843672446250915,
    0.8838281015396118,
    0.8815435010910034,
    0.8804682090759277,
    0.8794245493888855,
    0.8779823528289795,
    0.8763472236633301,
    0.8747261031150818,
    0.8741838960647583,
    0.8726905558586121,
    0.8713569104194641,
    0.8701452276229859,
    0.8690354027748108,
    0.8688584402084351,
    0.8670396944999695,
    0.8663386516571044,
    0.8642536540985107,
    0.8635540279388427,
    0.8615809405326843,
    0.8611035503387451,
    0.8603540690422058,
    0.8590936026573182,
    0.8589504027366638,
    0.8570874047279358,
    0.8563385745048523,
    0.8550642669677735,
    0.8542529384613037,
    0.8530462358474732,
    0.8524696417808533,
    0.8505623847961425,
    0.8501717526435852,
    0.8489931054115295,
    0.8480724137306214,
    0.846565782737732,
    0.847124957561493,
    0.845321215057373,
    0.844877732181549
  ],
  "best_loss": 0.844877732181549,
  "total_time": 5148.6863849163055,
  "config": {
    "learning_rate": 0.0001,
    "epochs": 100,
    "vocab_size": 11,
    "model": "medium_BaseShared"
  }
}