{
  "train_losses": [
    0.8473605050402842,
    0.5328743252784583,
    0.47086257236019063,
    0.4401837477258816,
    0.4161956837982129,
    0.3991925763856074,
    0.38225268292578923,
    0.3700286377767089,
    0.35866179435875767,
    0.34867987017722646,
    0.3378930818882717,
    0.33120146317846455,
    0.3240326456962877,
    0.3177498987146244,
    0.31175120886723706,
    0.30531553800698297,
    0.30202244706214615,
    0.29695227248653483,
    0.2920207174340631,
    0.28930000286952706,
    0.28427965492959234,
    0.2829193839222003,
    0.2798541381860235,
    0.2765045892091314,
    0.2725516286245577,
    0.27022058739783655,
    0.2684105037693765,
    0.26499852604547125,
    0.26281395753857434,
    0.26136019863900106,
    0.26131927872159677,
    0.2588538067166213,
    0.2574503275619191,
    0.2565446272966968,
    0.25296212429073966,
    0.2536895067259005,
    0.2510638443907355,
    0.25064929475070563,
    0.248519782807417,
    0.2483891068370479,
    0.24735779177611042,
    0.24628382010065067,
    0.24550423690467882,
    0.24490312643491538,
    0.243036539691269,
    0.24336102377077576,
    0.24040876063191965,
    0.24129297095499222,
    0.23883219253105722,
    0.23990784509546437,
    0.2389551599504082,
    0.23787044121581277,
    0.2376916302237541,
    0.23650633168827956,
    0.23610345316920311,
    0.23622160343227872,
    0.23478445182940003,
    0.2333053436818396,
    0.23471134521399334,
    0.2342567909864863,
    0.23232153599049635,
    0.23189231183878176,
    0.23284021095865093,
    0.2325596275033465,
    0.23038300482710455,
    0.2305815665015749,
    0.23039997278884716,
    0.22968304546395685,
    0.2296967245401091,
    0.2306153949848406,
    0.22919747138478955,
    0.2284919172525406,
    0.22761805906037616,
    0.22793234505091503,
    0.2263088449361218,
    0.22833746671676636,
    0.22769537900283837,
    0.22632642099811773,
    0.22568182210633708,
    0.2259771803951567,
    0.22529652192714109,
    0.22609543164444576,
    0.2255983444725632,
    0.22562864830919133,
    0.2244644594040646,
    0.22520798890833643,
    0.22472951831711327,
    0.22465345994302421,
    0.2232838947871688,
    0.2235675063102868,
    0.22288863778493967,
    0.2225445838301045,
    0.22306097588341706,
    0.2222147046760389,
    0.22292989065313035,
    0.223103472001993,
    0.22169298939644153,
    0.22137650913873297,
    0.22170125318180983,
    0.22224297910738902
  ],
  "best_loss": 0.22137650913873297,
  "total_time": 2191.353926181793,
  "config": {
    "learning_rate": 0.0001,
    "epochs": 100,
    "vocab_size": 16,
    "model": "large_BaseShared"
  }
}