{
  "train_losses": [
    1.1263813982009887,
    0.8986451674461364,
    0.8262805485725403,
    0.7808418894767761,
    0.7481560035705567,
    0.724144018650055,
    0.7046080854415894,
    0.6871240792274476,
    0.6731261466026306,
    0.6608092060089111,
    0.6504323613166809,
    0.6410574003219605,
    0.6329850730895996,
    0.6258955080986023,
    0.6199515595436096,
    0.6141414607048035,
    0.609222716999054,
    0.6045235480308533,
    0.5999805158615112,
    0.5958710939407349,
    0.5923233946800232,
    0.5889604604721069,
    0.585058474445343,
    0.5829938135147095,
    0.5799475553512573,
    0.5771496470451355,
    0.5745846368789673,
    0.5725243262290954,
    0.5702304950714111,
    0.5680237961769103,
    0.5660516421318054,
    0.5648280829429626,
    0.5623960263252258,
    0.5606273977279663,
    0.5592240653991699,
    0.5571937544822693,
    0.5553930699348449,
    0.5537485650062561,
    0.5517715281486512,
    0.5511830160140991,
    0.5496842521667481,
    0.5481583589553833,
    0.5464401936531067,
    0.5460688357353211,
    0.5449842587471009,
    0.5432073367118836,
    0.5420617439270019,
    0.541488533782959,
    0.5401092224121093,
    0.5387819298267364,
    0.5380870541572571,
    0.5368927262306213,
    0.5357492432117462,
    0.5344480941772461,
    0.5329587111473083,
    0.5322197860717773,
    0.5314461541175842,
    0.5307821106433869,
    0.529516291475296,
    0.5285897030353546,
    0.5275926195621491,
    0.5269870563983917,
    0.5261527374744416,
    0.525505770111084,
    0.5243972949028015,
    0.5238085021018982,
    0.5228594814300537,
    0.5216774132728577,
    0.5207763273239135,
    0.5196830956459045,
    0.5193410742282868,
    0.5182599963665009,
    0.5181919412136078,
    0.5170991024017334,
    0.5161739034175873,
    0.5154997495174408,
    0.5145906374454499,
    0.5141404333114624,
    0.5135895389080047,
    0.5124709089756012,
    0.5128728147029876,
    0.5116280288696289,
    0.5109237631797791,
    0.5095105653762817,
    0.5093320950508118,
    0.508482564163208,
    0.5075306683063507,
    0.5069248768329621,
    0.5062334861755371,
    0.506340589427948,
    0.5055696162223816,
    0.5050101189136506,
    0.5041861875534057,
    0.5036112358093262,
    0.502637791967392,
    0.5030827364444733,
    0.5016657224655151,
    0.5011942257881165,
    0.5011785740852356,
    0.4998529088973999
  ],
  "best_loss": 0.4998529088973999,
  "total_time": 7209.106540679932,
  "config": {
    "learning_rate": 0.0001,
    "epochs": 100,
    "vocab_size": 11,
    "model": "medium_WM"
  }
}