{
  "train_losses": [
    1.5941845930099487,
    1.2293505744934081,
    1.158983163833618,
    1.104763606071472,
    1.056216796207428,
    1.0210393119812011,
    0.9954307372093201,
    0.9751527228355408,
    0.9563730461120605,
    0.9417975274085999,
    0.9311446827888489,
    0.922110136127472,
    0.9134704260826111,
    0.906145947933197,
    0.8998049217224121,
    0.8936320726394653,
    0.8870983191490174,
    0.8827697096824646,
    0.8769949408531189,
    0.8722133464813232,
    0.8674985518455506,
    0.8630418172836304,
    0.8584845546722412,
    0.8538592220306397,
    0.8495354217529297,
    0.8445840085029602,
    0.8401665021896362,
    0.8357162735939025,
    0.830876211643219,
    0.8259504790306091,
    0.8212133896827698,
    0.8159457480430603,
    0.8125539849281311,
    0.8086786849975586,
    0.8057996392250061,
    0.8018697998046875,
    0.7986834088325501,
    0.794594170665741,
    0.7907591932296753,
    0.7886744707107544,
    0.7866411520957947,
    0.7834450505256653,
    0.7814357082366943,
    0.7791109325408936,
    0.7768891209602355,
    0.774251424407959,
    0.7726934783935547,
    0.7713364501953125,
    0.7687819721221923,
    0.7675130589485168,
    0.7646500103950501,
    0.7636288407325744,
    0.7619911079406738,
    0.7600813071250916,
    0.7588343932151794,
    0.7575327440261841,
    0.7561271922111511,
    0.7542520560264587,
    0.7538794508934021,
    0.7515903960227966,
    0.7515616330146789,
    0.7491671601295471,
    0.7480996114730835,
    0.7469739981651307,
    0.7459880883216858,
    0.7450504189491272,
    0.7436347997665406,
    0.7426486235618591,
    0.7418919861793518,
    0.7401884557723999,
    0.739526587677002,
    0.738689858341217,
    0.7370258932113647,
    0.7365511531829834,
    0.735367199420929,
    0.7337141236305237,
    0.7332541687965393,
    0.733014889717102,
    0.731379137134552,
    0.7310550727844238,
    0.7300497559547424,
    0.7287186394691467,
    0.728112421798706,
    0.7267448362350464,
    0.7262258635520935,
    0.7255042816162109,
    0.7248396958351135,
    0.7238985305786133,
    0.7228868267059326,
    0.7218902775764465,
    0.7210694570541382,
    0.7211113183021546,
    0.7200474747657776,
    0.7187015215873718,
    0.7187560374259949,
    0.71719200258255,
    0.7173995505332946,
    0.7159025152206421,
    0.715422500705719,
    0.714782673072815
  ],
  "best_loss": 0.714782673072815,
  "total_time": 1693.9599690437317,
  "config": {
    "learning_rate": 0.0001,
    "epochs": 100,
    "vocab_size": 11,
    "model": "tiny_WM"
  }
}