{
  "train_losses": [
    0.9811784668922424,
    0.7716497979164123,
    0.7017045120239258,
    0.6648578504562378,
    0.6384210810661316,
    0.6190111288070679,
    0.6040384760856629,
    0.5923245371818543,
    0.5832375527381897,
    0.5763039216995239,
    0.5697052192687988,
    0.5645049863815308,
    0.5594050409317016,
    0.555429611492157,
    0.5511385797500611,
    0.547678164100647,
    0.543735346698761,
    0.5408836731910706,
    0.5372603562355042,
    0.5351793034553528,
    0.5320557710647583,
    0.5298457999706269,
    0.5269031096935273,
    0.524822569513321,
    0.5225637370586396,
    0.5203719371795654,
    0.5184266444206238,
    0.516135112953186,
    0.5141825664520263,
    0.5118476994991302,
    0.509946350812912,
    0.5080432163238525,
    0.5061517444610596,
    0.5045510764598846,
    0.5025484435081482,
    0.5011589770317078,
    0.4985122064590454,
    0.49723152146339417,
    0.4960143683433533,
    0.4939449325084686,
    0.49210139536857606,
    0.4905815248012543,
    0.4883792278766632,
    0.4876401843547821,
    0.48612478556632993,
    0.48387990469932557,
    0.4833864644527435,
    0.481153485918045,
    0.4799870607852936,
    0.4782780920982361,
    0.4774613177776337,
    0.47536386713981627,
    0.4740469898223877,
    0.47273692750930785,
    0.4717013867855072,
    0.47074609150886537,
    0.4692950583934784,
    0.4675646791934967,
    0.4668206000328064,
    0.4654753643989563,
    0.4642883348941803,
    0.46326655945777895,
    0.46156381068229674,
    0.4608801774024963,
    0.459777995634079,
    0.4581209852218628,
    0.45771996169090273,
    0.45718165307044983,
    0.4550459861278534,
    0.4542023089408875,
    0.4535340995311737,
    0.4525591649532318,
    0.4516274687767029,
    0.4509311161518097,
    0.44974332823753355,
    0.44939265151023866,
    0.44774633421897886,
    0.4477491159915924,
    0.4466659177780151,
    0.44567476348876955,
    0.44486101994514465,
    0.4439554183006287,
    0.44346365222930906,
    0.44211052737236023,
    0.4424457771778107,
    0.44118273973464966,
    0.4405014796257019,
    0.4398574142456055,
    0.43895811543464663,
    0.43853007645606995,
    0.4379915654182434,
    0.4369553855895996,
    0.43629123258590696,
    0.4359650805950165,
    0.4353641257762909,
    0.4347646817207336,
    0.43471844449043273,
    0.4324860950946808,
    0.43271820697784424,
    0.4323624626159668
  ],
  "best_loss": 0.4323624626159668,
  "total_time": 24357.12227487564,
  "config": {
    "learning_rate": 0.0001,
    "epochs": 100,
    "vocab_size": 11,
    "model": "large_WM"
  }
}