{
  "train_losses": [
    0.9440976791381835,
    0.7702370031356811,
    0.7216830589294434,
    0.6927070790290832,
    0.6742715879440307,
    0.6603562862396241,
    0.6487199631690979,
    0.6414659627914429,
    0.634724119758606,
    0.6295042743682862,
    0.6238152482032776,
    0.6197292001724243,
    0.6155474342346191,
    0.612233006477356,
    0.6086120569229126,
    0.6053084636688233,
    0.6030348651885986,
    0.6011654265403747,
    0.5984394005775452,
    0.5964124405860901,
    0.5944619500160218,
    0.5925249920845032,
    0.5911447772979737,
    0.5888176524162293,
    0.5878227787971496,
    0.5858288044929505,
    0.584459010887146,
    0.5822981407165527,
    0.5801989892959595,
    0.5788034164428711,
    0.5778377326965332,
    0.5758459343910217,
    0.5741388818740845,
    0.5732511253356933,
    0.571656014919281,
    0.5703472826957703,
    0.5680979308128357,
    0.5675642444610596,
    0.5651265340805054,
    0.5639026098251343,
    0.5623673526763916,
    0.5613342821121216,
    0.5604467157363892,
    0.5591534801483155,
    0.5576907260894776,
    0.5571414160728455,
    0.554959612083435,
    0.554191390323639,
    0.5525854922294616,
    0.5506425232887268,
    0.5503216229438782,
    0.5491546883583068,
    0.5481893666267394,
    0.5471780508995057,
    0.5455643867492675,
    0.5453334174156189,
    0.543984219455719,
    0.5426341155052185,
    0.5416641409873962,
    0.5412993676185608,
    0.5394670853614807,
    0.5389620600700379,
    0.5373417114257812,
    0.5370009199619293,
    0.5360923287391662,
    0.5356004746437073,
    0.5344085230827331,
    0.5330936366081238,
    0.5326455712318421,
    0.5315823344230652,
    0.5302821143627167,
    0.5294965837478638,
    0.5291700572967529,
    0.528041127204895,
    0.5282254262447357,
    0.5265577381134033,
    0.5264130161762237,
    0.5254520300865173,
    0.5249177805900573,
    0.5244213924407959,
    0.5236819493770599,
    0.52262375831604,
    0.5221191778182983,
    0.5209195785522461,
    0.5210447906970977,
    0.52102273645401,
    0.5202116159915924,
    0.5197732641220093,
    0.5187775376319885,
    0.5178274815559387,
    0.5180220437526702,
    0.5177709906101227,
    0.5165732347488403,
    0.5162379758358002,
    0.5152096405982971,
    0.514953428888321,
    0.5148900453090668,
    0.5142958347797394,
    0.5137036726474762,
    0.5129637022018433
  ],
  "best_loss": 0.5129637022018433,
  "total_time": 12492.685923099518,
  "config": {
    "learning_rate": 0.0001,
    "epochs": 100,
    "vocab_size": 11,
    "model": "large_Base"
  }
}