{
  "train_losses": [
    1.1280357287188245,
    0.6080626594792505,
    0.49748148773885836,
    0.4445618673874314,
    0.4105593288780018,
    0.38710309916241153,
    0.36754316623043864,
    0.34994194006464285,
    0.33892888096487445,
    0.3256158120692915,
    0.3160477815919621,
    0.3085343852923934,
    0.299367738662252,
    0.2921219162500588,
    0.2849101515332605,
    0.28199585978012937,
    0.2758481760693204,
    0.27144153492086254,
    0.26803690271013103,
    0.2631415832953848,
    0.2592101971245116,
    0.2554373482040539,
    0.25409106340757603,
    0.2512961408704709,
    0.24692304214094854,
    0.2466376399158672,
    0.24393421734214588,
    0.24221284953272268,
    0.2406878852920168,
    0.23850664373036404,
    0.23547131041432642,
    0.23539215819850848,
    0.23405295638901413,
    0.23219003200910654,
    0.22984544790474473,
    0.2305958351701688,
    0.22853647599554366,
    0.22626198581449544,
    0.22611671505839961,
    0.22471364848552997,
    0.22384772862598395,
    0.2229264778126577,
    0.22347570699491318,
    0.22179036801028404,
    0.21998923570866796,
    0.22040578580586015,
    0.21950021746811593,
    0.21898710945988917,
    0.21721477702165107,
    0.21782884333923364,
    0.21617520890038483,
    0.21607294526829082,
    0.2159684232086133,
    0.21432945796638536,
    0.21379765754292726,
    0.21373336728970715,
    0.2136061862585651,
    0.21249611808615884,
    0.2124801906430797,
    0.21215040905840077,
    0.21153236432060316,
    0.21153736171449067,
    0.21090465717634577,
    0.20951934956061613,
    0.2086878172151602,
    0.20857026053082411,
    0.20869408263142702,
    0.2095898975422428,
    0.2082481687995279,
    0.20847045748856416,
    0.2074890176581729,
    0.2065263694259012,
    0.20654243743343717,
    0.2063931372894603,
    0.20655999612656367,
    0.20639877287065908,
    0.20558782965893957,
    0.2058935294485396,
    0.20463472282051282,
    0.20568542201427897,
    0.20481777162688553,
    0.20456497190864223,
    0.20317037280198116,
    0.20381167246277926,
    0.2040064229517226,
    0.20380017541016743,
    0.2031852751970291,
    0.202914540649979,
    0.2028702832521147,
    0.203050766496142,
    0.2026903057933613,
    0.20244081641078754,
    0.2019144339356453,
    0.20245552366706215,
    0.2017462649352991,
    0.2020448431087907,
    0.2018800902708321,
    0.20067759911725475,
    0.200986870155213,
    0.20087891959460677
  ],
  "best_loss": 0.20067759911725475,
  "total_time": 1423.0523672103882,
  "config": {
    "learning_rate": 0.0001,
    "epochs": 100,
    "vocab_size": 16,
    "model": "medium_Base"
  }
}