{
  "train_losses": [
    1.7589256854573632,
    1.0355227061897327,
    0.8502873873255056,
    0.7337292554272208,
    0.6589944757473697,
    0.6097896250949544,
    0.5725642841333037,
    0.5443740525063435,
    0.5240272932751163,
    0.507787387841826,
    0.49352366567417316,
    0.4807230323363262,
    0.47105619216420846,
    0.4607688976321251,
    0.4526476058990333,
    0.444580647216481,
    0.4394630169033245,
    0.4312864834335959,
    0.4238628792534968,
    0.41979906836133096,
    0.41341461269718827,
    0.4080054015870307,
    0.40444365086828826,
    0.39960727000692087,
    0.3951899718706775,
    0.39206658673893874,
    0.38733638073228727,
    0.38375731847088806,
    0.3811217225660944,
    0.3761341139009804,
    0.3744450676593052,
    0.37094279535257135,
    0.36883964508202427,
    0.3637999197480026,
    0.3605468039679679,
    0.3593533225120253,
    0.35677970120101976,
    0.35371438295218594,
    0.3504695123547961,
    0.34986530576541924,
    0.34709566660747404,
    0.3438212303978622,
    0.3418849763596893,
    0.3401712530357823,
    0.3384037477195643,
    0.3345088972027894,
    0.3354176918792117,
    0.3319699022041005,
    0.33026339749621736,
    0.3278617991763315,
    0.32554423068739047,
    0.32528682840857537,
    0.3237149014974096,
    0.3225860789323309,
    0.3196306889224204,
    0.31897246192215356,
    0.31669489403439177,
    0.3158556135596743,
    0.3143898503036256,
    0.3112160874779817,
    0.31059582123331203,
    0.30957267732377264,
    0.3091375311468817,
    0.3068796415237864,
    0.3067406497563526,
    0.30470064624099974,
    0.3045979311132127,
    0.302360884702889,
    0.30221377512451947,
    0.3006745462964295,
    0.2987530455467807,
    0.29710470320312843,
    0.2970443737165184,
    0.29709337566308913,
    0.29545755029483967,
    0.29583719088013766,
    0.29313360800029364,
    0.2922539042819078,
    0.2912545300972689,
    0.2903512051910352,
    0.28978107043891954,
    0.287929736409977,
    0.2860810980675327,
    0.28721338111883515,
    0.2868739746178791,
    0.28566432900869165,
    0.28474444568536844,
    0.2837119178407511,
    0.28253896676810686,
    0.2808334446826558,
    0.2814739169968162,
    0.28022021463342534,
    0.2803516675522373,
    0.28048250107628525,
    0.27939346223879774,
    0.276719519287158,
    0.27698811907677134,
    0.2762429998938445,
    0.27593218805683645,
    0.27434372209059965
  ],
  "best_loss": 0.27434372209059965,
  "total_time": 383.3928258419037,
  "config": {
    "learning_rate": 0.0001,
    "epochs": 100,
    "vocab_size": 16,
    "model": "small_Base"
  }
}