{
  "train_losses": [
    2.5623386164379727,
    2.1655535166430626,
    1.9423981198839322,
    1.73776132665622,
    1.5689720538011782,
    1.4461524440984057,
    1.348679322346001,
    1.2663119826347204,
    1.1900508889726773,
    1.116368954348716,
    1.0464691512144295,
    0.9795684305725584,
    0.9224325513384145,
    0.8715536746249837,
    0.8268127084537676,
    0.787921137870497,
    0.7526742068065959,
    0.7185054372070702,
    0.6923290456935858,
    0.6654947996139526,
    0.6421658313198454,
    0.6203361700294884,
    0.6019210731907255,
    0.5847989176488986,
    0.5677873602338658,
    0.5511094426653188,
    0.5381321462855977,
    0.5245232754831861,
    0.5127158939458762,
    0.5007651602007022,
    0.4906603236486957,
    0.4805444951649684,
    0.4709632683331799,
    0.46039127164585575,
    0.45325746240129894,
    0.4457601939037347,
    0.4380597314637178,
    0.43055622896571066,
    0.4236018264749248,
    0.4164180651212194,
    0.4105647456873754,
    0.4046170996252898,
    0.3990213218008637,
    0.39284344748326927,
    0.38812324290822264,
    0.38393415520145635,
    0.3777949846094581,
    0.3727887255750644,
    0.3693700440370353,
    0.3641868112193551,
    0.36057297287473256,
    0.355699209460787,
    0.3521634241577926,
    0.34818697545179134,
    0.34408123478008684,
    0.3407382570254575,
    0.3374019669499367,
    0.33360286958658014,
    0.3306799327871602,
    0.3273447801353066,
    0.32395907761944326,
    0.3208393065413092,
    0.3181519956345771,
    0.31531128268333,
    0.31149220808296446,
    0.30992083298932216,
    0.3071957031253037,
    0.3050206637686225,
    0.30104953297384224,
    0.29897451135003644,
    0.2972387667674168,
    0.29402160340813316,
    0.29157018927252215,
    0.2894254423630465,
    0.2875153061690604,
    0.2854981777394653,
    0.2829873368238947,
    0.2805755988807435,
    0.2787580776746106,
    0.2756648399647634,
    0.27445345803810534,
    0.2720637263575937,
    0.26997688982137447,
    0.2678092510267428,
    0.26557314851481445,
    0.26433656796528276,
    0.2621320480374014,
    0.25999162075625865,
    0.25827311482399135,
    0.25689275249554094,
    0.25491187299133106,
    0.25291973950376934,
    0.2520595185316292,
    0.24983628265037658,
    0.24850411684649765,
    0.2462790953885218,
    0.24469046361127478,
    0.2426089354950911,
    0.2425491465314938,
    0.24001408686303788
  ],
  "best_loss": 0.24001408686303788,
  "total_time": 1171.5531458854675,
  "config": {
    "learning_rate": 0.0001,
    "epochs": 100,
    "vocab_size": 16,
    "model": "tiny_WMShared"
  }
}