{
  "train_losses": [
    2.212198851974147,
    1.64391876709689,
    1.3060810209079912,
    1.1013180753987306,
    0.9302961184720325,
    0.780698060230085,
    0.6576004024523838,
    0.5667853505368445,
    0.5047896715106478,
    0.4581971060318552,
    0.4236261647218352,
    0.3963275902969822,
    0.37553695318805186,
    0.357648160617063,
    0.3423590483559165,
    0.3286703302981747,
    0.3167750030566173,
    0.3063549629062604,
    0.2981138945005502,
    0.2883993201195055,
    0.28039256820253505,
    0.27285437333356044,
    0.26620122666951196,
    0.25904656510064555,
    0.25305172079687666,
    0.24695349128762628,
    0.24052188502755134,
    0.2351632408655373,
    0.22940442658913363,
    0.2237271046752383,
    0.21818818038056612,
    0.2125964193207443,
    0.20763926359878224,
    0.2027124117134483,
    0.19839965234136886,
    0.1935886573639645,
    0.1897897798164635,
    0.18543268588318187,
    0.18201893416179973,
    0.17864017909879137,
    0.17553294122598734,
    0.17189369678117666,
    0.16844712748269366,
    0.16568860421135168,
    0.162959577076754,
    0.16016087885115557,
    0.1574842912755954,
    0.1546952452059764,
    0.15262590946665236,
    0.1501154757229386,
    0.14811623779831418,
    0.1459070420379092,
    0.1441466548735169,
    0.1423041948657127,
    0.14002223070829536,
    0.13871810571023613,
    0.13663061717703084,
    0.13544572410499975,
    0.13337029042137657,
    0.13105984454511838,
    0.13057216166690655,
    0.12971806744481348,
    0.12751597014202434,
    0.12662626314125244,
    0.12506898796292626,
    0.12406737585166458,
    0.12290467568643533,
    0.12165213110530453,
    0.1209903003968251,
    0.11979133365260568,
    0.11864588703888997,
    0.1177614042713384,
    0.11697403593048168,
    0.11584882452419609,
    0.11488281451402955,
    0.11441898512043011,
    0.11347055577548446,
    0.1125527102096825,
    0.11216681882454331,
    0.11126430868912654,
    0.11027806442064844,
    0.10970992182090783,
    0.10944647076213436,
    0.10836397334458722,
    0.10775068511438977,
    0.1073948402123846,
    0.10604537819411344,
    0.10595646538552206,
    0.10486471762133252,
    0.10444993720312787,
    0.10426695754004132,
    0.10359616027136517,
    0.10292558348292757,
    0.10215648249456077,
    0.1012402061539091,
    0.10162845263435583,
    0.10123317755141835,
    0.10044257660770113,
    0.0998710531527829,
    0.09954002342975823
  ],
  "best_loss": 0.09954002342975823,
  "total_time": 3788.6120760440826,
  "config": {
    "learning_rate": 0.0001,
    "epochs": 100,
    "vocab_size": 16,
    "model": "small_WMShared"
  }
}