{
  "train_losses": [
    1.1869036060333251,
    1.1086145669937133,
    1.0833533863067626,
    1.056614395236969,
    1.0367151304244995,
    1.018962646484375,
    1.0024823810577392,
    0.9884349987983704,
    0.976772222995758,
    0.9668039105415345,
    0.9586995985984802,
    0.9514515461921692,
    0.9450854538917541,
    0.9398340256690979,
    0.9341967968940735,
    0.9285121520996094,
    0.9240024594306946,
    0.9187782648086548,
    0.9152179848670959,
    0.9108800415039062,
    0.9070057809829712,
    0.902902159023285,
    0.8990680932998657,
    0.8948479506492615,
    0.8913355653762818,
    0.8871626494407654,
    0.8838445395469665,
    0.8808578809738159,
    0.8770057997703552,
    0.8734662129402161,
    0.8703095457077027,
    0.8666016936302186,
    0.8630683832168579,
    0.860705554485321,
    0.8578320130348206,
    0.8541102279663086,
    0.8521619334220886,
    0.8490173845291138,
    0.846286408996582,
    0.8425980754852295,
    0.840927718257904,
    0.8384161714553833,
    0.8353607968330383,
    0.8327472644805908,
    0.8303221034049988,
    0.8286201384544373,
    0.8259782513618469,
    0.8239118104934693,
    0.8211759320259094,
    0.8184426303863526,
    0.8173500741958618,
    0.8142553198814392,
    0.8126045131683349,
    0.8100990694999695,
    0.8091620331764221,
    0.8059747100830078,
    0.8053783809661865,
    0.8044247694969178,
    0.8017217743873596,
    0.7992409410476684,
    0.7984092503547668,
    0.7965459425926209,
    0.7950713214874268,
    0.7937471279144287,
    0.7911040696144104,
    0.7884817510604858,
    0.788423780632019,
    0.7857094575881958,
    0.7851438506126404,
    0.7840936211585998,
    0.7833697005271911,
    0.7818727254867553,
    0.7799188455581665,
    0.7786626787185669,
    0.7772434373855591,
    0.7755294495582581,
    0.7749312488555908,
    0.7738010138511657,
    0.7718755146026611,
    0.7718235651016235,
    0.7697323776245117,
    0.7690296017646789,
    0.767720058631897,
    0.765895327949524,
    0.766444191646576,
    0.7647594380378723,
    0.7649895237922668,
    0.7617829174995422,
    0.7616024592399597,
    0.7613983180999756,
    0.7601471156120301,
    0.7590066438674927,
    0.7585353632926941,
    0.7574860154151917,
    0.7565637988090516,
    0.7553579720497131,
    0.7552135462760925,
    0.7536178085327149,
    0.7538590441703796,
    0.7520606594085694
  ],
  "best_loss": 0.7520606594085694,
  "total_time": 7144.010380744934,
  "config": {
    "learning_rate": 0.0001,
    "epochs": 100,
    "vocab_size": 11,
    "model": "large_Base"
  }
}