{
  "train_losses": [
    1.6942627386093139,
    1.2623950365066527,
    1.1634689989089966,
    1.1030442720413207,
    1.063744146156311,
    1.035598542881012,
    1.01417719707489,
    0.9957055460929871,
    0.9808360554695129,
    0.9656037999153138,
    0.9540246323585511,
    0.9443262989997864,
    0.9350760171890259,
    0.9271067248344421,
    0.9192833647727966,
    0.9115158166885377,
    0.905123735332489,
    0.8982095469474792,
    0.8928108632087708,
    0.8864622042655945,
    0.8803826717376709,
    0.8745055888175964,
    0.8677011286735534,
    0.8615649780273438,
    0.8552104082107544,
    0.84831141872406,
    0.8424778389930725,
    0.8382470808982849,
    0.8320097617149353,
    0.8281649499893189,
    0.8235285079956055,
    0.8193649782180786,
    0.8152401576042175,
    0.8125583305358887,
    0.8084638698577881,
    0.8051238410949707,
    0.8024504420280456,
    0.798905312538147,
    0.7962669118881226,
    0.7934458684921265,
    0.7915571411132812,
    0.7880367131233216,
    0.7862996886253357,
    0.7828536038398742,
    0.7806898319244385,
    0.7785475855827332,
    0.7760802399635315,
    0.7737366585731507,
    0.7717789610862732,
    0.7696036205291749,
    0.7679433360099792,
    0.7653917792320252,
    0.7644723569869996,
    0.7623043713569642,
    0.7602351850509643,
    0.7588011704444885,
    0.7577055097579956,
    0.7557734991073608,
    0.7546270139694213,
    0.7522581406593323,
    0.7519008684158325,
    0.7495260106086731,
    0.7489278328895569,
    0.7480254795074462,
    0.7469964590072632,
    0.745105372619629,
    0.7436619747161866,
    0.7430270288467408,
    0.7422181935310364,
    0.7406547761917114,
    0.7399899743080139,
    0.7378133791923523,
    0.7364684612274169,
    0.7356278915405273,
    0.7348664878845215,
    0.7335205945968628,
    0.7331523054122925,
    0.7324688565254212,
    0.7308497181892395,
    0.7302394042015076,
    0.730132981300354,
    0.7287429016113282,
    0.7280026418685913,
    0.7267048982620239,
    0.726954625415802,
    0.7262560844421386,
    0.7251650736808777,
    0.7235752919197083,
    0.7226252431869506,
    0.7219328120231628,
    0.7209597398757934,
    0.7208921829223632,
    0.7196549255371094,
    0.7192127424240112,
    0.7189097796440125,
    0.7175007369995117,
    0.717505193901062,
    0.7170002714157104,
    0.7161734748840332,
    0.7147537643432618
  ],
  "best_loss": 0.7147537643432618,
  "total_time": 2493.4486651420593,
  "config": {
    "learning_rate": 0.0001,
    "epochs": 100,
    "vocab_size": 11,
    "model": "tiny_WMShared"
  }
}