{
  "train_losses": [
    1.4186654832839967,
    1.2116260740280151,
    1.1715900972366333,
    1.1537736604690552,
    1.1407740653991698,
    1.1323560144424438,
    1.125635414505005,
    1.1201013723373414,
    1.1156340623855592,
    1.1114455041885376,
    1.108186769104004,
    1.1050756357192992,
    1.1029444620132447,
    1.0996224473953247,
    1.0960166078567506,
    1.0926176347732544,
    1.0884721395492554,
    1.0847211540222168,
    1.0822101997375488,
    1.0790326868057252,
    1.0763368522644043,
    1.0737012229919434,
    1.0716397890090943,
    1.0688878958702088,
    1.0667521724700928,
    1.0648891861915588,
    1.0626909185409545,
    1.060868371105194,
    1.05939348859787,
    1.0579597461700438,
    1.0564048935890198,
    1.0550703904151917,
    1.0538930806159974,
    1.0520309777259826,
    1.0507982111930847,
    1.0487719160079956,
    1.0484804482460022,
    1.0465993456840514,
    1.0464882849693298,
    1.0450397813796997,
    1.0436472483634949,
    1.0428686512947083,
    1.0417008755683899,
    1.0405677869796752,
    1.0386292655944824,
    1.0380880346298218,
    1.0373567462921143,
    1.0361745327949523,
    1.0338644473075866,
    1.0335148001670837,
    1.0327963057518006,
    1.031472487449646,
    1.0302082187652588,
    1.0295215782165528,
    1.027579319190979,
    1.0266906895637513,
    1.026177611541748,
    1.0250083932876586,
    1.0240291991233825,
    1.0233979564666749,
    1.0224442492485046,
    1.020956602859497,
    1.0201159280776977,
    1.0198355538368225,
    1.0180236477851867,
    1.016770831489563,
    1.0160586894989014,
    1.0151956298828124,
    1.0138539685249328,
    1.0136859879493714,
    1.0126080187797546,
    1.0121749917984009,
    1.011493228149414,
    1.0103411096572876,
    1.0096012807846069,
    1.0085190551757812,
    1.0078952880859375,
    1.0074707211494445,
    1.0068102527618408,
    1.0051358300209046,
    1.0053684452056886,
    1.00453856716156,
    1.0039692403793334,
    1.0035004640579224,
    1.0028483700752258,
    1.0009627345085144,
    1.0017600837707519,
    1.0007804146766663,
    1.0005963516235352,
    0.9993949662208557,
    0.9979957067489624,
    0.9981038997650147,
    0.9972134380340576,
    0.9968019011497498,
    0.9968042490005493,
    0.9950176299095154,
    0.9949956425666809,
    0.9948048843383789,
    0.9934317722320557,
    0.9930892217636108
  ],
  "best_loss": 0.9930892217636108,
  "total_time": 7309.096273183823,
  "config": {
    "learning_rate": 0.0001,
    "epochs": 100,
    "vocab_size": 11,
    "model": "small_Base"
  }
}