{
  "train_losses": [
    2.582984447479248,
    2.4337451457977295,
    2.3883423805236816,
    2.2969794273376465,
    2.2374189496040344
  ],
  "best_loss": 2.2374189496040344,
  "total_time": 0.46172070503234863,
  "config": {
    "learning_rate": 0.0001,
    "epochs": 5,
    "vocab_size": 11,
    "model": "small_Base"
  }
}