{
  "train_losses": [
    0.9853725754737854,
    0.7675790870666503,
    0.70027570104599,
    0.662135765838623,
    0.6355104648590088,
    0.6172383213996887,
    0.6034106613159179,
    0.5926695240974427,
    0.5840189621925354,
    0.5769370276451111,
    0.5701184883117676,
    0.5647485324859619,
    0.5597390929222107,
    0.5552182029724121,
    0.5512872955322266,
    0.5471105387687684,
    0.5435561476707459,
    0.5401555255889893,
    0.5375008804798126,
    0.5341605692863465,
    0.5317720088958741,
    0.5290951855182647,
    0.5263427980422973,
    0.5246687179088593,
    0.5224290632247924,
    0.519308802652359,
    0.5175861899375915,
    0.5149212749958039,
    0.513185495710373,
    0.5108483255386352,
    0.5099889520645141,
    0.5076154484272003,
    0.5050754598140716,
    0.503439678812027,
    0.501308660030365,
    0.5002498687267304,
    0.4980228142261505,
    0.49652703886032107,
    0.49478123207092284,
    0.4927888431072235,
    0.49158435530662536,
    0.49019870491027834,
    0.48819282331466674,
    0.48600550017356875,
    0.4850907723903656,
    0.48330446767807006,
    0.4816338125705719,
    0.4799707127571106,
    0.47871634836196897,
    0.4770800503730774,
    0.4753044965744019,
    0.4742319637775421,
    0.4731445240974426,
    0.4716123641014099,
    0.4701492519855499,
    0.4685508985996246,
    0.4677715282440186,
    0.4655434525966644,
    0.46560773715972903,
    0.4636468011856079,
    0.46251342287063596,
    0.46140870723724364,
    0.46021926846504213,
    0.45872261428833006,
    0.45834769296646116,
    0.45708147411346434,
    0.456211993598938,
    0.45451922717094423,
    0.4540124007701874,
    0.45349935851097106,
    0.45125463061332705,
    0.45113697943687436,
    0.45035958309173585,
    0.4492923249721527,
    0.448269881439209,
    0.447528054189682,
    0.44627448925971985,
    0.44583475532531736,
    0.44523783559799196,
    0.4441860921859741,
    0.44283223342895506,
    0.44247189922332764,
    0.44225486965179445,
    0.4410168287277222,
    0.44068582706451415,
    0.43993449954986574,
    0.4386883333683014,
    0.4381403026103973,
    0.4380916647434235,
    0.43722291321754453,
    0.43661248207092285,
    0.43497685074806214,
    0.43555203671455384,
    0.43450530014038086,
    0.43429809432029726,
    0.433904940366745,
    0.43255745606422424,
    0.4322827770233154,
    0.4313631227016449,
    0.4306738244533539
  ],
  "best_loss": 0.4306738244533539,
  "total_time": 32483.088076114655,
  "config": {
    "learning_rate": 0.0001,
    "epochs": 100,
    "vocab_size": 11,
    "model": "large_WMShared"
  }
}