{
  "train_losses": [
    0.9813712746620178,
    0.5862691202640533,
    0.4850527830600739,
    0.42685212893486024,
    0.3988575852394104,
    0.38127734160423277,
    0.3688789226055145,
    0.3603917269229889,
    0.3533483823776245,
    0.34851722745895386,
    0.34472476382255557,
    0.34078790965080263,
    0.33852200999259946,
    0.33637891755104066,
    0.333975759267807,
    0.33235032901763917,
    0.3304187452316284,
    0.32920934300422666,
    0.3276180884838104,
    0.32667562489509583,
    0.32608363285064695,
    0.32471963267326354,
    0.3241009419441223,
    0.32311154646873474,
    0.32196259093284607,
    0.3217044954299927,
    0.3207641381263733,
    0.3199090260028839,
    0.31969801840782164,
    0.3189197934627533,
    0.3183724593162537,
    0.31763626704216,
    0.3168601694583893,
    0.3165904036998749,
    0.31612246356010437,
    0.3153565443515778,
    0.314994508934021,
    0.3144550675868988,
    0.3143697805404663,
    0.3137904670715332,
    0.313157265663147,
    0.3130360923290253,
    0.31259647345542907,
    0.3118802924633026,
    0.31125202159881593,
    0.3111860615730286,
    0.3105395619392395,
    0.31032156386375426,
    0.3097927611351013,
    0.30934879865646364,
    0.3089834836959839,
    0.3090597638607025,
    0.3083711374282837,
    0.3081610459804535,
    0.30764151902198794,
    0.30750731143951415,
    0.30718347420692443,
    0.30673786187171936,
    0.3063820004463196,
    0.30632064838409423,
    0.30558098435401915,
    0.3056152021884918,
    0.3047851305007935,
    0.30442131576538084,
    0.304159179353714,
    0.30390702357292176,
    0.303382967710495,
    0.3030948073863983,
    0.30290676946640016,
    0.30270298066139223,
    0.3024144858837128,
    0.3020827618122101,
    0.3016338753700256,
    0.30153193278312684,
    0.3010257435321808,
    0.30082798466682437,
    0.30026442732810976,
    0.29988838005065915,
    0.2997959421634674,
    0.2995129089832306,
    0.29915322651863097,
    0.2989990650177002,
    0.29865157442092893,
    0.29833876914978025,
    0.2981582291603088,
    0.2978174820423126,
    0.29757673926353456,
    0.29717343320846556,
    0.2970972412586212,
    0.29622345700263975,
    0.29641393494606016,
    0.296286012506485,
    0.2954283362388611,
    0.2956197032928467,
    0.29533936018943785,
    0.295382550907135,
    0.2945799258708954,
    0.2943328133583069,
    0.2941637541770935,
    0.2940128859043121
  ],
  "best_loss": 0.2940128859043121,
  "total_time": 39209.60114979744,
  "config": {
    "learning_rate": 0.0001,
    "epochs": 100,
    "vocab_size": 11,
    "model": "medium_WM"
  }
}