{
  "train_losses": [
    2.510754442518684,
    2.146216912634054,
    1.921113461445851,
    1.7326085347278861,
    1.5768716099915232,
    1.4521668382511017,
    1.3523123127639674,
    1.2679139337721903,
    1.1980347132227223,
    1.1376190747425055,
    1.0822928961674878,
    1.0321516117472558,
    0.9869908299415734,
    0.9399825342141899,
    0.8942253141646173,
    0.8495218305830743,
    0.8071119504369748,
    0.7691999089186359,
    0.7331128131811786,
    0.7023330315662797,
    0.6743683518877455,
    0.6484139257935202,
    0.6242884731596443,
    0.6054983928704717,
    0.5868294022645161,
    0.5679971499807516,
    0.5522183415236747,
    0.5362933496381067,
    0.5235689018562342,
    0.5119274539552676,
    0.4996956459655883,
    0.48816185354427166,
    0.4774349290094558,
    0.4672008528830899,
    0.4575617184304887,
    0.4498446223082816,
    0.44067685239633936,
    0.4334024219376266,
    0.42575478971384134,
    0.4192234177118654,
    0.41136640670952523,
    0.40615838006803184,
    0.3993647444020411,
    0.39419494275074857,
    0.38848775682175996,
    0.3832549471764048,
    0.3785791803317465,
    0.37353050348105704,
    0.3690249447230321,
    0.36477337730158665,
    0.3597040495295433,
    0.3556989619306698,
    0.3505688793719954,
    0.34862019074190953,
    0.3443967284290654,
    0.34054405237459073,
    0.3373508200903607,
    0.33419176917167226,
    0.3311724129376138,
    0.32707746564203005,
    0.32498234168739076,
    0.3220062176133417,
    0.3179194012265297,
    0.31625006703814124,
    0.3128891722032219,
    0.3106990500240569,
    0.30776963188390066,
    0.30421602792420965,
    0.3020419776439667,
    0.29978716923932364,
    0.29743491255553667,
    0.2952037203084132,
    0.29291860578925744,
    0.29134641673154893,
    0.2883704600820116,
    0.28656100752247365,
    0.28410444802539364,
    0.2816249627596254,
    0.2798613697100597,
    0.27698857237578955,
    0.2756569304853488,
    0.27315942667851784,
    0.27073869602695394,
    0.2691715485920572,
    0.26672581293780334,
    0.2644293143111429,
    0.262059404496934,
    0.2601067045122195,
    0.2575746363705131,
    0.25578172334060545,
    0.25358323287812007,
    0.2506567462804211,
    0.2497459196361007,
    0.24664740150521516,
    0.24468165569624323,
    0.24224730557317187,
    0.2400522028944295,
    0.23788002892664284,
    0.23667755428772824,
    0.2346661858687735
  ],
  "best_loss": 0.2346661858687735,
  "total_time": 1175.5737838745117,
  "config": {
    "learning_rate": 0.0001,
    "epochs": 100,
    "vocab_size": 16,
    "model": "tiny_WM"
  }
}