{
  "train_losses": [
    1.182291547393799,
    1.1085464515686034,
    1.082234708595276,
    1.0534299797058106,
    1.0326657439231872,
    1.0149327956199645,
    0.9977144676208496,
    0.9836856204032898,
    0.972646611404419,
    0.9632374562263489,
    0.9556204639434814,
    0.9483920583724975,
    0.9417459659576416,
    0.9360956818580627,
    0.9314911635398865,
    0.9264241441726685,
    0.9216026305198669,
    0.9174356698036193,
    0.9127006987571716,
    0.9086961714744568,
    0.905071049118042,
    0.9016634214401245,
    0.8965035709381104,
    0.8922322738647461,
    0.8893290444374085,
    0.8863251839637757,
    0.8821736670494079,
    0.8789299694061279,
    0.8757035591125488,
    0.8723150652885437,
    0.8689582404136658,
    0.8659821802139283,
    0.8629768959999085,
    0.8597494089126587,
    0.8571122878074646,
    0.8536125750541687,
    0.8507815061569214,
    0.8480016392707824,
    0.8458430890083313,
    0.8420784190177918,
    0.8406643611907959,
    0.8373760743141174,
    0.8348513374328613,
    0.832727320766449,
    0.8302794043540954,
    0.8282998354911805,
    0.825348197555542,
    0.8227630946159363,
    0.8207627453804016,
    0.8198254905700684,
    0.8173750478744507,
    0.8150521656036377,
    0.8131351344108582,
    0.8109128913879394,
    0.8095770310401916,
    0.8064708726882934,
    0.8045519151687622,
    0.8040034156799316,
    0.8014698431968689,
    0.7997060831069946,
    0.7987721134185791,
    0.7969542644500732,
    0.7946899105072022,
    0.7938473980903625,
    0.7914399903297424,
    0.7907835633277893,
    0.7892832761764527,
    0.7881953259468079,
    0.7861841361045837,
    0.7853135152816773,
    0.7833940454483033,
    0.7820748859405517,
    0.7814944242477417,
    0.7790052364349366,
    0.7777608016967773,
    0.777470170211792,
    0.7755879621505737,
    0.776178487586975,
    0.7732423122406006,
    0.7713369149208069,
    0.7700464728355407,
    0.7702299653053284,
    0.768752137851715,
    0.7678197205543518,
    0.7671791728019715,
    0.7651611391067505,
    0.7641142949104309,
    0.7637870846748352,
    0.7623084012031556,
    0.7617110423088074,
    0.7613056243896484,
    0.7609105945587158,
    0.7594214418411255,
    0.7582756954193115,
    0.7578854134559632,
    0.7561962670326233,
    0.7549953318595887,
    0.7557946782112122,
    0.7542426652908325,
    0.7527902659416199
  ],
  "best_loss": 0.7527902659416199,
  "total_time": 9950.033060073853,
  "config": {
    "learning_rate": 0.0001,
    "epochs": 100,
    "vocab_size": 11,
    "model": "large_BaseShared"
  }
}