{
  "train_losses": [
    2.2794658841600843,
    1.60561534173929,
    1.3433430809883555,
    1.206582250109144,
    1.1123959190526587,
    1.039333625963539,
    0.979868403665579,
    0.930924138445763,
    0.889020890187306,
    0.852683076053668,
    0.8182251278761845,
    0.7882628957177423,
    0.7652063365954502,
    0.7467288192670056,
    0.7303866444119982,
    0.7166106693304268,
    0.7036278650259516,
    0.6940353414055648,
    0.6845449231992102,
    0.6738642006163384,
    0.6660996402145192,
    0.6581670789961602,
    0.6497530071598709,
    0.6428131814215593,
    0.636642008830028,
    0.6290873680145118,
    0.6233688346139944,
    0.6199533586289473,
    0.6124900173229776,
    0.60812642619868,
    0.6036973732292272,
    0.6012467461027158,
    0.5963718086291271,
    0.5924204166527767,
    0.5898609472687837,
    0.5860486520323783,
    0.5834052300756905,
    0.5802370890690263,
    0.5787520013797055,
    0.5734706126200925,
    0.5712799820930335,
    0.5693247382807883,
    0.566345964267755,
    0.5648944723378321,
    0.562015316288942,
    0.5586643731518156,
    0.5575708353975016,
    0.5558432249506567,
    0.5531659323698396,
    0.5527806004900842,
    0.5486975800079904,
    0.5475557735011836,
    0.5447642459611225,
    0.5438981437759035,
    0.5398072978113867,
    0.5405664907139578,
    0.538928860881526,
    0.5373595252538182,
    0.536050020319641,
    0.5343049912695672,
    0.5328141035168035,
    0.5308528109720558,
    0.5299116784979583,
    0.528265021219375,
    0.5263194215905135,
    0.5262432462850194,
    0.5252408759229502,
    0.5236124990472368,
    0.5233563327105941,
    0.522292939530816,
    0.5197731769009001,
    0.5189593707679943,
    0.5183746199698964,
    0.5171346062687552,
    0.5163717763439105,
    0.5160283302045932,
    0.5144254519681263,
    0.512252005612015,
    0.5120172432273816,
    0.511207462496059,
    0.5102130005693739,
    0.5095876371784575,
    0.5070354574045558,
    0.5070596018414588,
    0.5063785060196165,
    0.5046915523945146,
    0.5031113374005457,
    0.503387706674588,
    0.501977551135288,
    0.5012415920852855,
    0.49920928573152823,
    0.4979250224152948,
    0.49836361294339415,
    0.4986491757593337,
    0.49850861035334837,
    0.495020340392544,
    0.49322019659789507,
    0.4938984201971892,
    0.49250626753849586,
    0.4931159214988636
  ],
  "best_loss": 0.49250626753849586,
  "total_time": 299.6940197944641,
  "config": {
    "learning_rate": 0.0001,
    "epochs": 100,
    "vocab_size": 16,
    "model": "tiny_Base"
  }
}