{
  "train_losses": [
    1.6078030601501465,
    1.314962642288208,
    1.2641998363494873,
    1.230367802810669,
    1.2088782403945924,
    1.1941544136047364,
    1.1840839540481567,
    1.1750408432006836,
    1.1684536363601685,
    1.1632710620880127,
    1.15839960231781,
    1.153663053894043,
    1.1500354650497437,
    1.1463115642547608,
    1.143498512840271,
    1.1405098484039307,
    1.1373024793624877,
    1.1349076358795167,
    1.1315706884384156,
    1.1288632911682128,
    1.1270272552490235,
    1.1250839654922484,
    1.12269554271698,
    1.1208579874038695,
    1.1200550327301024,
    1.1175702585220337,
    1.115410453605652,
    1.1131271207809448,
    1.1107938638687134,
    1.108725140953064,
    1.1061878658294677,
    1.104811400794983,
    1.1022725900650023,
    1.1006772693634033,
    1.099070468711853,
    1.0972211503982543,
    1.0963568290710448,
    1.094328569793701,
    1.093269354248047,
    1.091322647666931,
    1.0901009323120117,
    1.0897562389373778,
    1.088075629234314,
    1.0859473291397095,
    1.085630305480957,
    1.084074229812622,
    1.083156420326233,
    1.0824793807029724,
    1.08064121799469,
    1.079737047958374,
    1.0796810920715332,
    1.0787407645225524,
    1.0775715553283691,
    1.0771506837844849,
    1.0762291175842285,
    1.0753064363479614,
    1.074837227344513,
    1.0738273069381714,
    1.073791294670105,
    1.0729530200958253,
    1.0725389575958253,
    1.0710482795715333,
    1.0713826580047607,
    1.070243194770813,
    1.0699482522964479,
    1.0702020425796508,
    1.0688701469421387,
    1.0678546543121339,
    1.0679407590866088,
    1.0679850155830384,
    1.0663990634918212,
    1.0660388571739197,
    1.066286493873596,
    1.065656015586853,
    1.0649003471374512,
    1.0646282921791077,
    1.0642151516914369,
    1.0634147812843322,
    1.0628203862190246,
    1.0630685569763183,
    1.0627199848175048,
    1.0621071184158326,
    1.0619819669723511,
    1.0608602166175842,
    1.0608824427604675,
    1.060220668411255,
    1.0601728391647338,
    1.0598322229385375,
    1.059056980228424,
    1.0589338711738587,
    1.058676473712921,
    1.058131880760193,
    1.0570479272842408,
    1.0570098611831664,
    1.0567711900711059,
    1.056995537185669,
    1.0563638426780702,
    1.0557500686645507,
    1.0555207834243774,
    1.0553515683174133
  ],
  "best_loss": 1.0553515683174133,
  "total_time": 740.2144358158112,
  "config": {
    "learning_rate": 0.0001,
    "epochs": 100,
    "vocab_size": 11,
    "model": "tiny_BaseShared"
  }
}