{
  "train_losses": [
    2.2064841104920503,
    1.670927287666661,
    1.3172923501130123,
    1.096651310374023,
    0.9145706273188257,
    0.7543377675068607,
    0.6322177295472212,
    0.5477561869059399,
    0.48898536878026977,
    0.4467469486081676,
    0.4130507284288953,
    0.38806272900787886,
    0.3681344708819298,
    0.3498516563017657,
    0.33559593178664043,
    0.32284817858866066,
    0.3119453761228331,
    0.30262931516975355,
    0.29267266658461016,
    0.2856805818096088,
    0.27827964106183145,
    0.27210884621948195,
    0.2654545226484347,
    0.2595377687815648,
    0.2527980495030713,
    0.24791301321831477,
    0.24213398641841427,
    0.23631059734305,
    0.2305270012966387,
    0.22471821327118358,
    0.2192824423123317,
    0.2143947825689984,
    0.20872336521649817,
    0.20406397769025936,
    0.199478592082953,
    0.19452988209238478,
    0.1896824205567123,
    0.18548960177002438,
    0.18138824830389327,
    0.17781622840720376,
    0.1732914827431843,
    0.1689722696497182,
    0.16599701753087864,
    0.1637790483084454,
    0.16031939341763782,
    0.15744223545311362,
    0.15493689876073485,
    0.1522951559845809,
    0.15022462919639173,
    0.1476365313598305,
    0.14585524465248084,
    0.14404210827912495,
    0.14187552537887718,
    0.14002056087657905,
    0.1384560222838335,
    0.1364543738353784,
    0.13530517891523944,
    0.13391487732244906,
    0.1325062053028945,
    0.131080059156676,
    0.12974653079821047,
    0.12874704457012712,
    0.12708883381383435,
    0.12652914116906513,
    0.1245314807269224,
    0.12371169125578206,
    0.12241808206412443,
    0.12179524124048319,
    0.12084986430824182,
    0.11956991976613451,
    0.11875292521183657,
    0.11805211254365884,
    0.11658213709949687,
    0.1162960209474442,
    0.11561916127895853,
    0.1142505216560546,
    0.11314540327924072,
    0.11303356384775441,
    0.11218644218270186,
    0.11141238589385513,
    0.11097321692545703,
    0.11016009088344635,
    0.10954516594576988,
    0.10880201494997474,
    0.10800303575719238,
    0.10769568070484574,
    0.10693003635877257,
    0.10593880641802102,
    0.10547786495488161,
    0.10520615670711371,
    0.10445623930282653,
    0.10398563315534289,
    0.10325443868044835,
    0.10303644162074775,
    0.10249140441038046,
    0.10178029978541052,
    0.10129986841018034,
    0.1007767929487927,
    0.10019730914170576,
    0.09980436072797533
  ],
  "best_loss": 0.09980436072797533,
  "total_time": 2176.554863214493,
  "config": {
    "learning_rate": 0.0001,
    "epochs": 100,
    "vocab_size": 16,
    "model": "small_WM"
  }
}