{
  "train_losses": [
    1.3760294706344605,
    1.0852493016242981,
    0.997151788520813,
    0.94391195230484,
    0.911639614200592,
    0.8888109349250793,
    0.8696192024230956,
    0.8526847046852112,
    0.8387721642494201,
    0.8252016026496887,
    0.8123415762901306,
    0.8008857510566711,
    0.7896292538642883,
    0.7807590718269348,
    0.7721511667251587,
    0.7652280703544617,
    0.7578803875923157,
    0.7516614054679871,
    0.7454748816490173,
    0.7402952822685241,
    0.7359607224464416,
    0.7308560837745667,
    0.7263622344970703,
    0.7220190198898315,
    0.7186026613235473,
    0.715421077823639,
    0.711788995552063,
    0.7087039984703064,
    0.7051105204582214,
    0.7021013635635376,
    0.6990759427070617,
    0.6967749691963195,
    0.6939485288619995,
    0.691781949043274,
    0.6897778168678284,
    0.6871001379013062,
    0.6838042966842651,
    0.6822459261894226,
    0.6794884260177613,
    0.6774563261985779,
    0.6755208716392517,
    0.6729802186012268,
    0.6715377799034119,
    0.6698531635284424,
    0.6679064473152161,
    0.6660342879295349,
    0.6636244042396545,
    0.6623314303398132,
    0.6606690337181091,
    0.658871107006073,
    0.657005455493927,
    0.6556702923774719,
    0.6540728116035461,
    0.6531933540344238,
    0.6507651937484741,
    0.6500697093963623,
    0.6482687522888183,
    0.6467811065673829,
    0.6455814406394959,
    0.6446745317459106,
    0.6436970602989197,
    0.6416963886260987,
    0.6411607251167297,
    0.6393629874229431,
    0.6381183252334595,
    0.6373928671836853,
    0.6358742040634155,
    0.6352133264541626,
    0.6337588551521302,
    0.6329117776870727,
    0.6314153826713562,
    0.6310351099014282,
    0.6294850947380066,
    0.6289165469169616,
    0.6277620010375976,
    0.6272152277946472,
    0.6256434637069702,
    0.6256952116012573,
    0.6246436486244201,
    0.6233049889564514,
    0.6225963099479676,
    0.6219466342926026,
    0.6212724465370179,
    0.6196834648132324,
    0.6189221613883972,
    0.6185616468429566,
    0.6174837958335877,
    0.6175127588272095,
    0.6162462863922119,
    0.6152874263763428,
    0.6150664434432983,
    0.6137075953483582,
    0.6140193795204163,
    0.6125457733154297,
    0.6124968592643738,
    0.6117388571739196,
    0.6111614235877991,
    0.610342693901062,
    0.6098497240066528,
    0.6087453433990478
  ],
  "best_loss": 0.6087453433990478,
  "total_time": 2326.18980717659,
  "config": {
    "learning_rate": 0.0001,
    "epochs": 100,
    "vocab_size": 11,
    "model": "small_WM"
  }
}