{
  "train_losses": [
    0.7226270562171936,
    0.41980720419883727,
    0.36643658561706544,
    0.35044131498336795,
    0.34255471425056455,
    0.33733736782073975,
    0.33357563786506655,
    0.33057054171562195,
    0.327978168296814,
    0.32584547424316407,
    0.32395062460899354,
    0.32202457246780397,
    0.3210370707988739,
    0.3195341125011444,
    0.31813778896331785,
    0.31712285189628603,
    0.3160781607627869,
    0.3151272491455078,
    0.3141782959938049,
    0.31275987634658814,
    0.31183036012649534,
    0.3113527680873871,
    0.31022171454429626,
    0.3092110710144043,
    0.30846622128486634,
    0.3076869508266449,
    0.30683228359222414,
    0.30616895756721496,
    0.3054558515071869,
    0.3042178276538849,
    0.30349186110496523,
    0.30304720249176026,
    0.30201826152801514,
    0.3012705516338348,
    0.3005722653388977,
    0.29968202047348025,
    0.2989547302246094,
    0.2980009841918945,
    0.2972263548851013,
    0.2967173138618469,
    0.2960321448802948,
    0.29524804267883303,
    0.2947630997180939,
    0.2939647692680359,
    0.29300117897987366,
    0.2924021502017975,
    0.291331248998642,
    0.2912759795188904,
    0.2905324885368347,
    0.2899735478878021,
    0.2891664902687073,
    0.2885153796672821,
    0.2876851564407349,
    0.2877341827869415,
    0.28681106534004214,
    0.2860628922462463,
    0.28560941438674925,
    0.2846566147327423,
    0.2844760522842407,
    0.2838280870437622,
    0.2835888737678528,
    0.28308194937705994,
    0.28222964429855346,
    0.2815615514755249,
    0.2814861352443695,
    0.2807764126777649,
    0.2806247220039368,
    0.28024376316070554,
    0.2797761560201645,
    0.27906275448799134,
    0.2787097511291504,
    0.27853431363105774,
    0.2778872375488281,
    0.2771417648792267,
    0.27710320839881897,
    0.27685372714996337,
    0.27639040184020996,
    0.2760728771686554,
    0.2755395441532135,
    0.2747344516038895,
    0.27517159485816955,
    0.27466698055267336,
    0.2744709963083267,
    0.27392287132740023,
    0.27361708388328554,
    0.2733728287935257,
    0.2728089430809021,
    0.27239253907203675,
    0.27228337421417237,
    0.27170814695358275,
    0.2717602547645569,
    0.2713993708372116,
    0.2714829575777054,
    0.27103048193454743,
    0.2706635862350464,
    0.27027067573070523,
    0.2702150978088379,
    0.26960884053707124,
    0.2697451151609421,
    0.2689559119224548
  ],
  "best_loss": 0.2689559119224548,
  "total_time": 64538.353397130966,
  "config": {
    "learning_rate": 0.0001,
    "epochs": 100,
    "vocab_size": 11,
    "model": "large_WM"
  }
}