{
  "train_losses": [
    1.3583083108901977,
    1.069033033657074,
    0.9816839207649231,
    0.9378063871383667,
    0.9092947065353394,
    0.8837522283554077,
    0.8617789846420288,
    0.8417173385620117,
    0.825726319026947,
    0.8109167721748352,
    0.7994765976905823,
    0.7899343103408814,
    0.7794941686630249,
    0.7718531723022461,
    0.7654946390151978,
    0.7587022841453552,
    0.7526105985641479,
    0.7474320939064026,
    0.7421993894577026,
    0.7381710056304932,
    0.7318105360984802,
    0.7282567090988159,
    0.7241137893676758,
    0.7199200575828553,
    0.7158986197471618,
    0.7122398814201355,
    0.7089808795928955,
    0.7049527131080627,
    0.7013004585266114,
    0.698465455532074,
    0.6944805614471435,
    0.6917377895355225,
    0.6892859042167664,
    0.6863327437400818,
    0.6834159885406494,
    0.6809787734985352,
    0.6781191155433655,
    0.6762533084869384,
    0.6736947200775146,
    0.6720717207908631,
    0.6695154948234558,
    0.667659827709198,
    0.6653544713020325,
    0.6628399104118348,
    0.6608331858634948,
    0.6589638897895813,
    0.6576925875663757,
    0.6552304553985596,
    0.654441874885559,
    0.6522566251754761,
    0.6505499458312989,
    0.6487231462478638,
    0.6466130062103271,
    0.6460908751487732,
    0.6441991752624512,
    0.642797644329071,
    0.6412923070907592,
    0.6398168985366821,
    0.638556538772583,
    0.6372922289848327,
    0.6362916542053223,
    0.6355483141899109,
    0.633197114276886,
    0.6320567414283752,
    0.6313031544685364,
    0.6300335582733154,
    0.6290215101242066,
    0.6280217608451844,
    0.6274804841041565,
    0.6255868401527405,
    0.6247035122871399,
    0.623971443271637,
    0.6227853673934937,
    0.6219316650390625,
    0.6210019787788391,
    0.619436270236969,
    0.6185639589309693,
    0.6178261651039123,
    0.6165241763114929,
    0.6166895877838134,
    0.6161838809013367,
    0.6150266324996948,
    0.6138270659446716,
    0.612636255645752,
    0.6125748907089233,
    0.6109205341339111,
    0.6101432950973511,
    0.6106345509529114,
    0.6100791306495666,
    0.6083876363754273,
    0.6075556283950806,
    0.6076651686668396,
    0.605902893447876,
    0.6069111457824707,
    0.6052176524162293,
    0.6048661602973938,
    0.6042155305862427,
    0.603335097026825,
    0.6027049835205078,
    0.6020235137939454
  ],
  "best_loss": 0.6020235137939454,
  "total_time": 1970.5081949234009,
  "config": {
    "learning_rate": 0.0001,
    "epochs": 100,
    "vocab_size": 11,
    "model": "small_WM"
  }
}