{
  "train_losses": [
    0.9279860133171082,
    0.7351395266532897,
    0.6842329772949218,
    0.6539760778427124,
    0.6335415793418884,
    0.6195019066810608,
    0.6081225420951843,
    0.5986188604354858,
    0.5902768255233765,
    0.583977070236206,
    0.5783421746253967,
    0.5729496294021607,
    0.5682712890625,
    0.5644263449668885,
    0.5609624071121215,
    0.5573510004043579,
    0.5542922275543213,
    0.5517330083847046,
    0.5488800444602966,
    0.5469226521492004,
    0.5447496085166931,
    0.5420571274757385,
    0.5401183641433716,
    0.5379641581535339,
    0.5366743259429931,
    0.5346067991256714,
    0.5331185258865356,
    0.5315004838466644,
    0.5297669798374176,
    0.5274608483791351,
    0.5264723115444183,
    0.5245742185115814,
    0.5234611770629883,
    0.5218676206588745,
    0.5204856675624847,
    0.518537651348114,
    0.5173803958892822,
    0.5161199745178222,
    0.5154730039596558,
    0.5142115126132966,
    0.5124265519618988,
    0.5109593258857728,
    0.5100311298370361,
    0.5088387786865234,
    0.5073886461257935,
    0.5066894056797028,
    0.5056831904888153,
    0.5038990326881408,
    0.5034123635292054,
    0.5021006202220917,
    0.5014285947322845,
    0.5007631159305572,
    0.4997276614665985,
    0.4978593472957611,
    0.49825481724739074,
    0.49717202191352844,
    0.49620578417778016,
    0.4947153554916382,
    0.49399302978515625,
    0.49319705305099487,
    0.4928669182777405,
    0.49212909693717954,
    0.4910228883743286,
    0.4902619932174683,
    0.4894620829582214,
    0.4893864418506622,
    0.48896716141700747,
    0.48749791383743285,
    0.4868691128730774,
    0.4862571021080017,
    0.4857055982589722,
    0.48573769931793215,
    0.48472064514160157,
    0.4836672235965729,
    0.48317780542373656,
    0.4831811635494232,
    0.48282732095718384,
    0.48156430311203,
    0.4809145886898041,
    0.4804174325942993,
    0.481170686006546,
    0.4795949252605438,
    0.4794074103355408,
    0.47808954696655276,
    0.4785543282032013,
    0.47841731781959534,
    0.4775901553630829,
    0.47679489855766294,
    0.47662728791236875,
    0.47593096075057983,
    0.4747291322231293,
    0.4749115490436554,
    0.4751165813922882,
    0.4748806232452393,
    0.4741956543922424,
    0.4738388656139374,
    0.47341261200904844,
    0.4730851577281952,
    0.47295405554771425,
    0.4725059432029724
  ],
  "best_loss": 0.4725059432029724,
  "total_time": 15884.613235235214,
  "config": {
    "learning_rate": 0.0001,
    "epochs": 100,
    "vocab_size": 11,
    "model": "large_WM"
  }
}