{
  "train_losses": [
    1.024458263206482,
    0.6439328254699707,
    0.5346529859066009,
    0.46139153060913085,
    0.41607300295829774,
    0.39200481214523314,
    0.3761733292579651,
    0.36460088238716126,
    0.35616232419013977,
    0.34940848956108095,
    0.3437828916549683,
    0.339791281080246,
    0.33607913484573365,
    0.3331127771854401,
    0.330428573513031,
    0.3283897928237915,
    0.3260751256465912,
    0.3247363101482391,
    0.323317776632309,
    0.3214707755088806,
    0.3204357947349548,
    0.31928096499443054,
    0.3183704345226288,
    0.31728561573028563,
    0.31630593042373656,
    0.3154044354438782,
    0.3149273817062378,
    0.3135644166469574,
    0.3131999918937683,
    0.3124736614704132,
    0.31195860118865965,
    0.31111070857048034,
    0.3104587646007538,
    0.3099212391376495,
    0.3094887979984283,
    0.3090863137722015,
    0.30839611806869505,
    0.30800001730918886,
    0.3073586433887482,
    0.30673035092353823,
    0.30626056413650515,
    0.30612740654945375,
    0.30573518886566164,
    0.30522279272079467,
    0.30437574672698975,
    0.30405265893936156,
    0.3037389978408814,
    0.3033226026535034,
    0.30297618932723996,
    0.30261943287849424,
    0.3019143027305603,
    0.30144359612464905,
    0.30148445391654966,
    0.3007770568370819,
    0.30036992321014405,
    0.30000923252105716,
    0.2998504072189331,
    0.29933027863502504,
    0.2989385910511017,
    0.29884825448989866,
    0.2981785882949829,
    0.29750822830200196,
    0.29745311279296877,
    0.29689711561203,
    0.29657248477935794,
    0.29642944598197934,
    0.296170895242691,
    0.2954994605064392,
    0.29559219875335696,
    0.2947551827430725,
    0.29469949111938476,
    0.29428174843788146,
    0.2941749722957611,
    0.29348168849945067,
    0.2928843074321747,
    0.29302160935401916,
    0.29254165830612183,
    0.29237802052497863,
    0.29208945841789247,
    0.29154098563194275,
    0.29098305258750917,
    0.29088304176330565,
    0.29071146726608277,
    0.2903405680656433,
    0.28989475831985473,
    0.28957082591056826,
    0.2894707310199738,
    0.28903656821250917,
    0.2886361195087433,
    0.288189199924469,
    0.28801445608139037,
    0.288061975479126,
    0.28777889323234557,
    0.2874140869617462,
    0.2870798007965088,
    0.2866268487930298,
    0.2863486488342285,
    0.286138489151001,
    0.28593647985458376,
    0.2857304794311523
  ],
  "best_loss": 0.2857304794311523,
  "total_time": 14884.965722084045,
  "config": {
    "learning_rate": 0.0001,
    "epochs": 100,
    "vocab_size": 11,
    "model": "medium_WM"
  }
}