{
  "train_losses": [
    1.1548478899488024,
    0.6854855194213284,
    0.5841560728231053,
    0.5332288440245732,
    0.5031122462764667,
    0.48018359112891423,
    0.4627962435127064,
    0.4515179325440887,
    0.43985405773114244,
    0.4291405637932431,
    0.4236414014913474,
    0.4144251452889412,
    0.4066555114688387,
    0.4008249801814936,
    0.39492907322895754,
    0.38825843839129065,
    0.38117953945117394,
    0.3772258475707595,
    0.3736356246243617,
    0.36921497875717796,
    0.3633601287747644,
    0.35922008487069684,
    0.3536969704233157,
    0.35188326752109894,
    0.3486255826843772,
    0.3430885273939485,
    0.33959790988332905,
    0.33764134451841854,
    0.33377056611571343,
    0.33222412132913137,
    0.3279398129244519,
    0.3259817559248323,
    0.32315184773912853,
    0.32039010524749756,
    0.31857772864353884,
    0.3151168853613981,
    0.31374149660395967,
    0.31254977898992553,
    0.3091690320118218,
    0.30689737162772257,
    0.3053199041421246,
    0.3053887987592418,
    0.30132301275137885,
    0.2992563274255983,
    0.2983911971377719,
    0.2966049015522003,
    0.29503502777427626,
    0.29289706307611646,
    0.2920166956391304,
    0.2909027332333243,
    0.28881212357123187,
    0.2883683238059852,
    0.28572988576570135,
    0.28507585814044734,
    0.2831628969900168,
    0.2830736811753291,
    0.28103544491871146,
    0.2806516919925714,
    0.2798761962705357,
    0.2759836566676,
    0.27688077955868595,
    0.27353598243871313,
    0.27331082930990086,
    0.27353839329473534,
    0.27195045731629536,
    0.2722367307372913,
    0.26911560517207833,
    0.26901848158638947,
    0.2690978380525188,
    0.2659442837640738,
    0.26661808333199494,
    0.2646909817388863,
    0.26619783100808503,
    0.2635405433785384,
    0.26382837003203713,
    0.26159588271265577,
    0.26026002759007133,
    0.25971969316719445,
    0.25958659457173316,
    0.25924420451662344,
    0.2595418487574644,
    0.258274237536321,
    0.258283005968021,
    0.2566564479830918,
    0.25492345840687963,
    0.2549849720137894,
    0.25435597406830757,
    0.25514146495776574,
    0.2539844562293618,
    0.25385181482430474,
    0.2524542103337634,
    0.2514067216283956,
    0.2511295572777463,
    0.2515661146990053,
    0.250345158254265,
    0.24975955790015542,
    0.2509600186993362,
    0.24846365345511467,
    0.24811884941189152,
    0.24777284947929867
  ],
  "best_loss": 0.24777284947929867,
  "total_time": 2854.2913217544556,
  "config": {
    "learning_rate": 0.0001,
    "epochs": 100,
    "vocab_size": 16,
    "model": "medium_BaseShared"
  }
}