{
  "train_losses": [
    1.1786469299316407,
    1.1014816305160522,
    1.067540685272217,
    1.045726878261566,
    1.0269540300369262,
    1.0086437014579772,
    0.9916429584503174,
    0.9787155117988586,
    0.9678120602607727,
    0.9590548334121705,
    0.9516919892311096,
    0.9452056012153626,
    0.9388855652809143,
    0.933473969078064,
    0.9287233846664429,
    0.9240949657440185,
    0.9195507796287536,
    0.914981787109375,
    0.9104224871635437,
    0.9059650206565857,
    0.9018322576522827,
    0.8981966528892517,
    0.8943212285995483,
    0.8907526571273804,
    0.8864506851196289,
    0.8840829996109009,
    0.8801543334960937,
    0.8762471508979798,
    0.8736415563583374,
    0.8701692788124085,
    0.8668280185699463,
    0.8631895621299743,
    0.8600087552070618,
    0.8573630974769593,
    0.8545819100379943,
    0.8513619325637818,
    0.8488659224510193,
    0.8455662070274353,
    0.8434908719062805,
    0.8414883943557739,
    0.837981419467926,
    0.8352947909355164,
    0.8332841296195984,
    0.8301265335083008,
    0.827575262928009,
    0.8257400957107544,
    0.8240219692230225,
    0.8220031427383423,
    0.8192789050102234,
    0.8167466047286988,
    0.8149630843162536,
    0.8134146918296814,
    0.8118640860557557,
    0.8087881722450256,
    0.8063846134185791,
    0.8058262362480163,
    0.8038155586242676,
    0.802153597164154,
    0.7996519228935242,
    0.7975338809013367,
    0.7974872661590576,
    0.7946958025932312,
    0.7928935669898987,
    0.7919208086013794,
    0.7902122736930847,
    0.7876658411979676,
    0.7876641998291015,
    0.7861889756202698,
    0.7834955216407776,
    0.7829097416877746,
    0.781345682144165,
    0.7795726433753968,
    0.7795294595718384,
    0.7780322334289551,
    0.7762866509437562,
    0.7746315284729004,
    0.7745464797973632,
    0.7717919699668885,
    0.7715004983901977,
    0.7708477005004882,
    0.7689558809280396,
    0.7680235390663147,
    0.7676433898925781,
    0.7654529044151306,
    0.7650399311065674,
    0.7639428184509277,
    0.7629203471183776,
    0.761966947555542,
    0.76141233253479,
    0.7603579472541809,
    0.7585723633766175,
    0.7586839911460876,
    0.7581213890075683,
    0.7562148509979248,
    0.7553045438766479,
    0.7561961621284485,
    0.754224167728424,
    0.7537316928863526,
    0.7531267206192016,
    0.7507602304458618
  ],
  "best_loss": 0.7507602304458618,
  "total_time": 6145.0019381046295,
  "config": {
    "learning_rate": 0.0001,
    "epochs": 100,
    "vocab_size": 11,
    "model": "large_Base"
  }
}