{
  "train_losses": [
    1.3747840494155883,
    1.1644034812927246,
    1.1151127285003661,
    1.0907233156204224,
    1.075394087600708,
    1.0653451663017273,
    1.058984398174286,
    1.0535477047920228,
    1.0494577507019043,
    1.0451941285133362,
    1.0419696536064147,
    1.0396734007835389,
    1.0362094576835632,
    1.0345851494789124,
    1.0318476257324218,
    1.0279755297660829,
    1.0253235218048096,
    1.0227358345031738,
    1.0199008637428284,
    1.0164614605903626,
    1.0139891399383545,
    1.0111697570800782,
    1.008586018562317,
    1.006063842868805,
    1.0033875756263733,
    1.0006580260276794,
    0.9982763046264649,
    0.9960785270690918,
    0.9936458722114563,
    0.9909748478889465,
    0.9896353023529053,
    0.9875793085098267,
    0.985163491153717,
    0.9840487574577331,
    0.9819886969566345,
    0.9799867492675781,
    0.9772677077293396,
    0.9763537983894348,
    0.9748870623588562,
    0.9737120388031005,
    0.9721496126174927,
    0.9702327585220337,
    0.9692968711853027,
    0.9679289005279541,
    0.9659053248405457,
    0.9649145952224731,
    0.9649955678939819,
    0.9622928418159485,
    0.9614286553382874,
    0.9603561946868896,
    0.9594277698516845,
    0.9582550258636474,
    0.9562764590263366,
    0.9559768768310547,
    0.9541409795761109,
    0.9539302713394165,
    0.952445814037323,
    0.9517240937232971,
    0.9502270201683044,
    0.9489993715286255,
    0.9481044056892395,
    0.9477111793518066,
    0.9464715141296387,
    0.9457179396629334,
    0.9444233761787415,
    0.942603895187378,
    0.942824416065216,
    0.9419934209823608,
    0.9400471981048584,
    0.9396958395957947,
    0.9393893112182617,
    0.938529658317566,
    0.9379220796585083,
    0.9368040188789367,
    0.9362083864212036,
    0.9350878523826599,
    0.9352428258895874,
    0.9336412732124328,
    0.9323714802742005,
    0.9319744577407837,
    0.9313028972625732,
    0.9307891256332398,
    0.9309590229988098,
    0.9290688864707947,
    0.9288979368209839,
    0.9277305553436279,
    0.9279347524642945,
    0.9270575297355652,
    0.9267841289520263,
    0.9260968851089477,
    0.9243195599555969,
    0.9246731927871704,
    0.9242347839355469,
    0.9237338265419006,
    0.9229889621734619,
    0.922453174495697,
    0.9215439765930176,
    0.9211568458557129,
    0.9207977240562439,
    0.9202129475593567
  ],
  "best_loss": 0.9202129475593567,
  "total_time": 1378.4195783138275,
  "config": {
    "learning_rate": 0.0001,
    "epochs": 100,
    "vocab_size": 11,
    "model": "small_Base"
  }
}