{
  "train_losses": [
    1.702540750694275,
    1.325021283531189,
    1.2654539176940918,
    1.2289796167373657,
    1.2082062200546264,
    1.1957979166030883,
    1.1864131315231323,
    1.1789094453811646,
    1.1725543575286865,
    1.1688660247802733,
    1.164655767250061,
    1.1605333911895752,
    1.1582413661956787,
    1.155069447517395,
    1.1518658924102783,
    1.1495917070388795,
    1.1456980592727661,
    1.142386439704895,
    1.1390243715286255,
    1.136447644996643,
    1.1335527235031129,
    1.1316196197509765,
    1.1295836877822876,
    1.127439038658142,
    1.124692853164673,
    1.1235747352600098,
    1.1225759588241577,
    1.1202568725585937,
    1.1185954038619994,
    1.1178698888778686,
    1.1168295589447021,
    1.1152228536605835,
    1.115124645614624,
    1.1137502502441405,
    1.1128007629394532,
    1.111556994819641,
    1.1110629264831542,
    1.1101647960662842,
    1.108995750427246,
    1.1082458051681519,
    1.1078084621429443,
    1.106458155632019,
    1.1061369241714478,
    1.105466639137268,
    1.10468270072937,
    1.103810161781311,
    1.102686734199524,
    1.102690070915222,
    1.102055259513855,
    1.1007327136993408,
    1.1000709543228149,
    1.0987895233154297,
    1.0978333108901976,
    1.0975643743515016,
    1.0958743488311768,
    1.095791170692444,
    1.0939408630371095,
    1.0926157886505128,
    1.0922513523101807,
    1.090500496482849,
    1.0900058362960816,
    1.0889493658065796,
    1.0868662214279174,
    1.0860334115982055,
    1.0848122257232666,
    1.0839675846099854,
    1.0822928453445435,
    1.0808608127593995,
    1.0802011659622193,
    1.0793130172729493,
    1.078292760848999,
    1.0770822603225707,
    1.0766123374938965,
    1.0758527770996094,
    1.0747841161727905,
    1.07373846244812,
    1.073296583366394,
    1.0722016469955444,
    1.071416833114624,
    1.0707713508605956,
    1.0705239338874817,
    1.069167211151123,
    1.0687869305610658,
    1.0676694220542908,
    1.0676353487014771,
    1.0668642127990722,
    1.0655767585754394,
    1.0654864796638488,
    1.0644911758422853,
    1.064650302219391,
    1.0631923906326295,
    1.0635002685546875,
    1.0630319242477417,
    1.0620768216133119,
    1.0618038230895996,
    1.0618410254478454,
    1.0611211235046387,
    1.060451085472107,
    1.0602113235473634,
    1.0595332912445068
  ],
  "best_loss": 1.0595332912445068,
  "total_time": 727.8675169944763,
  "config": {
    "learning_rate": 0.0001,
    "epochs": 100,
    "vocab_size": 11,
    "model": "tiny_Base"
  }
}