{
  "train_losses": [
    1.1300511488914489,
    1.036794720363617,
    1.0064410166740418,
    0.9836051552772522,
    0.9662976219177246,
    0.9494158961296082,
    0.9354902712821961,
    0.9243935060501098,
    0.9150508491516113,
    0.9077993879318237,
    0.9016265313148498,
    0.8957826596260071,
    0.8912642817497254,
    0.8857009203910827,
    0.8830838898658753,
    0.8785715607643128,
    0.8749337358474731,
    0.8720564579963684,
    0.8682542658805847,
    0.8652215223312378,
    0.8629857335090637,
    0.8605763088226318,
    0.8569213267326355,
    0.8548533799171448,
    0.8524479159355164,
    0.8499172360420227,
    0.8474324559211731,
    0.8448334658622741,
    0.8424182670593262,
    0.8408353976249695,
    0.8374219273567199,
    0.836017824268341,
    0.8340574737548828,
    0.8321914873123168,
    0.8295530799865722,
    0.8275762932777405,
    0.8255914960861206,
    0.8246456280708313,
    0.8221736373901367,
    0.8201733380317688,
    0.8190782446861267,
    0.8168846386909485,
    0.8159063150405884,
    0.8137541932106018,
    0.8125378561019897,
    0.8109357692718506,
    0.8090399457931519,
    0.8091212973594666,
    0.807444947719574,
    0.8053360138893128,
    0.8040217981338501,
    0.8028757855415344,
    0.8011432700157165,
    0.8003005067825317,
    0.7987325805664063,
    0.7975946024894714,
    0.7974526462554932,
    0.7953546916007995,
    0.7947109959602356,
    0.7931764671325684,
    0.7916459303855896,
    0.7911957511901856,
    0.7897478470802307,
    0.7888447430610657,
    0.7892662499427795,
    0.7876067451477051,
    0.7879355791091919,
    0.7858159770011902,
    0.7848986287117005,
    0.7839080746650696,
    0.7829163212776185,
    0.7825684799194336,
    0.781658487701416,
    0.7816994936943055,
    0.7801498783111572,
    0.7796110905647278,
    0.7786832233428955,
    0.778153127861023,
    0.7774991356849671,
    0.7769623304367066,
    0.775273697566986,
    0.7747337150573731,
    0.7748351557731629,
    0.7745583720207214,
    0.7731287665367127,
    0.7723986241340637,
    0.7717069794654846,
    0.7723974447250366,
    0.7711432319641113,
    0.7703390522956848,
    0.7707164662361145,
    0.7699786234855652,
    0.7691978720664978,
    0.7686595196723938,
    0.7681978876113892,
    0.7673874538421631,
    0.7672014346122742,
    0.7663152494430542,
    0.7659590489387512,
    0.7657949073791503
  ],
  "best_loss": 0.7657949073791503,
  "total_time": 49789.60341691971,
  "config": {
    "learning_rate": 0.0001,
    "epochs": 100,
    "vocab_size": 11,
    "model": "large_Base"
  }
}