{
  "train_losses": [
    1.1599085262626598,
    0.6890535028117477,
    0.5920724872570888,
    0.5406326763569169,
    0.5111394306277014,
    0.4872492375267539,
    0.47212703269758044,
    0.456463920462663,
    0.44616461274730174,
    0.43602205803439875,
    0.42720696937506364,
    0.4197084402582448,
    0.41140354097269144,
    0.40386854159604213,
    0.3988388571769569,
    0.39195131306435654,
    0.3861010146748488,
    0.3807212133316477,
    0.37447583086931024,
    0.3703765724874606,
    0.36470699841809123,
    0.3602663333628588,
    0.3587512108171062,
    0.3530677008401057,
    0.34928967333902977,
    0.345607242956283,
    0.3409313069786995,
    0.33733883955676086,
    0.3364289871826293,
    0.33197278980236905,
    0.32880598059885063,
    0.3259844702140541,
    0.3232689646019298,
    0.3212240372493768,
    0.31955753788826574,
    0.31395753648630376,
    0.314059834571401,
    0.31090300743746907,
    0.3095092437449534,
    0.3070015334019995,
    0.3046499811539984,
    0.30332075866164676,
    0.3016028683276693,
    0.29947166087900756,
    0.2983321209622037,
    0.2973242540648029,
    0.2944759525311221,
    0.2921597503932418,
    0.2916602708731487,
    0.2913879361122277,
    0.289293747419005,
    0.2875637749957431,
    0.28480388765122483,
    0.28436736335420304,
    0.281753195414118,
    0.2817852263617667,
    0.2805645946104815,
    0.2785332615777945,
    0.27883940318207834,
    0.27623076755909404,
    0.27460456985956544,
    0.2745275330391659,
    0.2737293681900972,
    0.2722679131729588,
    0.2710691586991025,
    0.2693263925374693,
    0.2710475603676146,
    0.2678173558347544,
    0.267366729344532,
    0.26603955381615146,
    0.2663670801053381,
    0.2652663292398878,
    0.26545123205443094,
    0.2642358569962204,
    0.26257593284367,
    0.26167422941156254,
    0.26154415897882666,
    0.2609686651237451,
    0.2594426495444243,
    0.2582096143323145,
    0.2595968544483185,
    0.25875359659741637,
    0.2573363146964152,
    0.25584121371150775,
    0.25671732681951703,
    0.25491025445947224,
    0.2542879180923389,
    0.25358699300106924,
    0.2531517559935333,
    0.2527834177017212,
    0.2524401539829886,
    0.2529669997228938,
    0.2514454701523872,
    0.25107729909526316,
    0.251409625646415,
    0.25046967463508535,
    0.24962048612202808,
    0.2485492914725261,
    0.24760314518479026,
    0.24750515154212904
  ],
  "best_loss": 0.24750515154212904,
  "total_time": 1412.3723032474518,
  "config": {
    "learning_rate": 0.0001,
    "epochs": 100,
    "vocab_size": 16,
    "model": "medium_Base"
  }
}