{
  "train_losses": [
    1.6787261177062989,
    1.238718915939331,
    1.1431676778793336,
    1.0868138087272643,
    1.0527381958961486,
    1.029735777282715,
    1.0101090218544007,
    0.994730751132965,
    0.9808551175117493,
    0.9681019549369811,
    0.9555135892868042,
    0.9435986637115479,
    0.9340597820281983,
    0.9252976111412048,
    0.9176501222610474,
    0.9122726091384887,
    0.9056620125770569,
    0.9004028418540955,
    0.8950139219284058,
    0.8893441522598267,
    0.8841716908454895,
    0.8800716687202453,
    0.8750926015853882,
    0.8696824968338013,
    0.8652678281784058,
    0.8602059621810914,
    0.855986044216156,
    0.8510627494812012,
    0.8495938069343567,
    0.8453742072105408,
    0.8415697793006897,
    0.8377398121833801,
    0.8355394640922547,
    0.8334663228034973,
    0.8298577259063721,
    0.8267369597434998,
    0.823204538154602,
    0.8219871433258057,
    0.8199365345954895,
    0.8166487003326416,
    0.8142736568450928,
    0.8123134119033814,
    0.8088060310363769,
    0.8068483402252197,
    0.8045515392303467,
    0.8034651226043701,
    0.8000533651351929,
    0.7976391745567322,
    0.795090469455719,
    0.7921884510040283,
    0.7898701951026916,
    0.7867236998558045,
    0.7847714086532592,
    0.7825349291801452,
    0.7800092573165893,
    0.778047741317749,
    0.7755684729576111,
    0.7740947027206421,
    0.7715762900352479,
    0.770555871295929,
    0.7683271139144897,
    0.7667345151901245,
    0.7642223133087158,
    0.7628635316848755,
    0.7613373708724975,
    0.7594682587623596,
    0.7577726400375366,
    0.7560518403053283,
    0.7546824915885926,
    0.7526541798591614,
    0.7514029741287231,
    0.7501235424995423,
    0.7477660822868347,
    0.7468312259674073,
    0.7456162894248962,
    0.7441612127304077,
    0.7427552704811096,
    0.7416772757530212,
    0.7407354730606079,
    0.7393196139335633,
    0.7379284045219422,
    0.7359474459648132,
    0.7355669273376465,
    0.7341177629470825,
    0.7336717901229859,
    0.731971733379364,
    0.7303101276397705,
    0.7305392336845398,
    0.7291998947143554,
    0.7283746816635132,
    0.7267806653022766,
    0.7250736437797546,
    0.7251762296676636,
    0.7237516922950744,
    0.7222997721672058,
    0.7222917963027954,
    0.7209181820869446,
    0.7204491175651551,
    0.7196056473731994,
    0.7181723516464233
  ],
  "best_loss": 0.7181723516464233,
  "total_time": 4708.905518770218,
  "config": {
    "learning_rate": 0.0001,
    "epochs": 100,
    "vocab_size": 11,
    "model": "tiny_WM"
  }
}