{
  "train_losses": [
    1.3597981149673461,
    1.0845743055343628,
    0.9958694910049438,
    0.9418338195800782,
    0.911288260269165,
    0.8863626830101013,
    0.8647025111198425,
    0.8435865488052369,
    0.8262549530029297,
    0.8123387600898743,
    0.7996441952705383,
    0.7899881264686585,
    0.7797761890411377,
    0.7706974101066589,
    0.7626433623313904,
    0.7550160541534424,
    0.748214253616333,
    0.7419528911590576,
    0.7361471532821655,
    0.7311936992645264,
    0.7268993792533874,
    0.723262710762024,
    0.7187753991127014,
    0.7147338781356811,
    0.7105155473709106,
    0.707538850402832,
    0.7049831027030945,
    0.702204466342926,
    0.6994737443923951,
    0.697062682056427,
    0.6943884374618531,
    0.6917033242225648,
    0.6885492156028747,
    0.6863692457199096,
    0.6851290546417236,
    0.6820683367729187,
    0.6803367661476135,
    0.6782338160514831,
    0.6766034279823303,
    0.6752845619201661,
    0.6733565002441406,
    0.6707372695922852,
    0.6696519816398621,
    0.6679805904388427,
    0.6658065700531006,
    0.664293577671051,
    0.6631242292404175,
    0.6612048118591308,
    0.660009848022461,
    0.6587317324638367,
    0.6569252354621887,
    0.6556257821083069,
    0.6539981586456299,
    0.6524713891029358,
    0.6516653310775757,
    0.6499407862663269,
    0.649224418258667,
    0.6481567706108093,
    0.6468904683113098,
    0.6459354250907898,
    0.644535458946228,
    0.6427314615249634,
    0.6414488368034362,
    0.6416443123817444,
    0.6407243353843689,
    0.6389199889183045,
    0.6383367709159851,
    0.6372535224914551,
    0.6363960622787476,
    0.635311771774292,
    0.6346111618041992,
    0.6339070985794067,
    0.6334916624069213,
    0.632062806224823,
    0.6315167727470398,
    0.6305950870513916,
    0.6301304288864136,
    0.6288091248512268,
    0.6273646884918213,
    0.6277654719352722,
    0.6266600953102112,
    0.6260031902313232,
    0.6249493532180787,
    0.6242028845787049,
    0.6234313248634339,
    0.622768498134613,
    0.6217640062332154,
    0.6220446712493897,
    0.6215824721336365,
    0.6209759016036988,
    0.6193763529777527,
    0.6190796862602234,
    0.6187497257232666,
    0.6179730086326599,
    0.6174751391410828,
    0.6170406388282776,
    0.6160733457565307,
    0.6158656641960144,
    0.6148774772644043,
    0.614887948513031
  ],
  "best_loss": 0.6148774772644043,
  "total_time": 10667.037523031235,
  "config": {
    "learning_rate": 0.0001,
    "epochs": 100,
    "vocab_size": 11,
    "model": "small_WM"
  }
}