{
  "train_losses": [
    0.9791989881515503,
    0.7604127829551697,
    0.6996825549125671,
    0.6631883273124695,
    0.6380083062171936,
    0.6182324913024903,
    0.6041002136230469,
    0.5919606708526611,
    0.5821755698204041,
    0.5751010447502136,
    0.568685883808136,
    0.562349324131012,
    0.5573549664497376,
    0.5531602801322937,
    0.549496173286438,
    0.5458164605140686,
    0.5424390830516815,
    0.538549928855896,
    0.5354179732322693,
    0.5324634091377258,
    0.5304624526023864,
    0.5277821852207184,
    0.5257758916854859,
    0.5227610516548157,
    0.5210882506370544,
    0.5186470508575439,
    0.5164769807815551,
    0.5141610835075379,
    0.5120676042079926,
    0.5105211941242218,
    0.5082902303218841,
    0.5065602537631988,
    0.5047090258598328,
    0.5032991791725159,
    0.5006610774040222,
    0.49908970165252686,
    0.4976586235046387,
    0.4958443468570709,
    0.4941425203323364,
    0.49284177212715147,
    0.49113794255256654,
    0.4887341203689575,
    0.48731230564117434,
    0.486180788564682,
    0.48508622674942015,
    0.4831518723487854,
    0.48220631728172303,
    0.4792768611431122,
    0.4783627290248871,
    0.47726115536689756,
    0.47582558131217956,
    0.4746110276699066,
    0.47327800526618957,
    0.4714793967247009,
    0.4700912253856659,
    0.46882237944602967,
    0.4679110457420349,
    0.46697942686080934,
    0.4655608042240143,
    0.4639756375312805,
    0.4639351170539856,
    0.46178072547912596,
    0.460819881772995,
    0.45954408230781557,
    0.4586641486167908,
    0.45736624364852907,
    0.4568755301952362,
    0.45614293742179873,
    0.4549729239940643,
    0.45392111220359804,
    0.4532712504863739,
    0.4519610628128052,
    0.4515206240177155,
    0.45017469034194946,
    0.4496818693161011,
    0.4478695811748505,
    0.4479041907310486,
    0.44607791166305544,
    0.44590409536361697,
    0.4451723207950592,
    0.4444832593917847,
    0.44373039674758913,
    0.4426897901535034,
    0.44151885738372804,
    0.4412276246070862,
    0.44015040736198424,
    0.44008307628631593,
    0.43877603521347047,
    0.43941046595573424,
    0.43815558400154114,
    0.43767867932319643,
    0.4371727680206299,
    0.43625127573013306,
    0.43503871173858644,
    0.4349507291793823,
    0.4339534387588501,
    0.4342210128307343,
    0.43276405177116395,
    0.43322424087524414,
    0.43258235383033755
  ],
  "best_loss": 0.43258235383033755,
  "total_time": 37293.48658800125,
  "config": {
    "learning_rate": 0.0001,
    "epochs": 100,
    "vocab_size": 11,
    "model": "large_WM"
  }
}