{
  "train_losses": [
    1.424229199409485,
    1.2232263078689576,
    1.1852075498580932,
    1.1610937454223633,
    1.1468965003967284,
    1.1382484445571899,
    1.1306100662231446,
    1.1253800439834594,
    1.1202969343185425,
    1.116389550590515,
    1.1127893556594848,
    1.110013948059082,
    1.1071896995544435,
    1.1045335037231445,
    1.1025506303787231,
    1.1004955160140992,
    1.0979624740600586,
    1.096608448791504,
    1.0942252349853516,
    1.092889625930786,
    1.090683848953247,
    1.0890204991340637,
    1.0876086488723755,
    1.0846784664154052,
    1.0822187730789186,
    1.0790370584487916,
    1.0761999940872193,
    1.073215651512146,
    1.0704027493476869,
    1.0670102544784545,
    1.0647173354148864,
    1.0620436153411865,
    1.05967481174469,
    1.0575977234840392,
    1.0541849635124207,
    1.0531708694458009,
    1.050953124523163,
    1.0489151685714722,
    1.0474318280220032,
    1.0455710633277893,
    1.043296457195282,
    1.0415119318962096,
    1.0405838928222657,
    1.0390333576202393,
    1.0384519389152527,
    1.0369775820732117,
    1.035084625148773,
    1.0340559524536133,
    1.0326275595664978,
    1.0311295928001403,
    1.0295956547737122,
    1.028867463207245,
    1.0275593316078186,
    1.0262086758613587,
    1.0248980893135071,
    1.0242429599761962,
    1.022081049156189,
    1.0216644781112671,
    1.0203597575187684,
    1.019876986694336,
    1.018683689212799,
    1.0168635500907899,
    1.0160551171302796,
    1.0146481305122375,
    1.0141722986221313,
    1.0127345408439636,
    1.0119783126831055,
    1.010932190990448,
    1.0097666034698487,
    1.0087722799301146,
    1.008399904346466,
    1.0065386449813842,
    1.006301773071289,
    1.0051470010757446,
    1.004774659538269,
    1.0038681141853332,
    1.0030680078506469,
    1.002528695011139,
    1.001356580543518,
    1.0000591997146606,
    0.9995827065467835,
    0.99992166223526,
    0.997933390045166,
    0.9968774282455445,
    0.995638583278656,
    0.9950835942268371,
    0.9946528509140015,
    0.9935076241493225,
    0.9941628813743592,
    0.9922227198600769,
    0.9920127504348755,
    0.991200034236908,
    0.9908123905181885,
    0.9893284603118897,
    0.9886670755386353,
    0.9885089059829711,
    0.9878342502593994,
    0.9866745204925537,
    0.9864333024978638,
    0.9854741352081299
  ],
  "best_loss": 0.9854741352081299,
  "total_time": 1290.467363834381,
  "config": {
    "learning_rate": 0.0001,
    "epochs": 100,
    "vocab_size": 11,
    "model": "small_Base"
  }
}