{
  "train_losses": [
    1.0715526374816895,
    0.8814795936584473,
    0.8208759252548218,
    0.7759995998382568,
    0.74809822473526,
    0.7274161273002625,
    0.7114648726463317,
    0.7003059844970703,
    0.6892181028366089,
    0.6808413335800171,
    0.674162847328186,
    0.6678047266006469,
    0.661974880695343,
    0.6571756960868835,
    0.652799036026001,
    0.6491954022407532,
    0.6452393220901489,
    0.6416051374435425,
    0.6387310613632202,
    0.6354584136009216,
    0.6328277052879333,
    0.630731846523285,
    0.6277822633743286,
    0.6253518958091736,
    0.6235953295707702,
    0.6213307654380799,
    0.6197803777694703,
    0.6179740916252137,
    0.616288480758667,
    0.6147074397087097,
    0.6133405311584472,
    0.6118861349105835,
    0.6107358192443848,
    0.6093127060890198,
    0.6081919978141784,
    0.6067619099617004,
    0.6056835275650024,
    0.6045323567390442,
    0.6033543182373047,
    0.6023339909553528,
    0.6005842518806458,
    0.600696833229065,
    0.6001893854141236,
    0.5988194278717041,
    0.5974792632102967,
    0.5960162973403931,
    0.5957760132789612,
    0.5948260935783386,
    0.5937595872879028,
    0.5931452623367309,
    0.592025816822052,
    0.5911317444801331,
    0.5908680214881897,
    0.5897524147033691,
    0.5884024359703064,
    0.5881394261360169,
    0.5875296870231629,
    0.5864621025085449,
    0.5860033867835999,
    0.5856173681259156,
    0.5838560604095459,
    0.5830342756271363,
    0.5827294189453125,
    0.5822014873504638,
    0.5819521137237549,
    0.5812422159194947,
    0.5802497957229614,
    0.5796213906288147,
    0.579058521938324,
    0.5783209089279174,
    0.5775043724060058,
    0.5772289532661438,
    0.5759483955383301,
    0.5764253042221069,
    0.5748000425338745,
    0.5743496660232544,
    0.5741009768486023,
    0.5730520087242127,
    0.5732496468544006,
    0.5722803531646729,
    0.5718254891395569,
    0.570848085975647,
    0.5700467312812805,
    0.5695436820983887,
    0.5692275350570679,
    0.5685791598320007,
    0.5681432215690613,
    0.5674892760276794,
    0.5667587591171265,
    0.566200786781311,
    0.5656200233459473,
    0.5654270915985108,
    0.5642867506980896,
    0.5639865406990051,
    0.563759005355835,
    0.5630713494300842,
    0.5622198577880859,
    0.562401909828186,
    0.5616940532684326,
    0.5615004620552063
  ],
  "best_loss": 0.5615004620552063,
  "total_time": 5536.968941926956,
  "config": {
    "learning_rate": 0.0001,
    "epochs": 100,
    "vocab_size": 11,
    "model": "medium_Base"
  }
}