{
  "train_losses": [
    1.663926678466797,
    1.3222233465194702,
    1.2688437997817994,
    1.234119716835022,
    1.2100275259017945,
    1.194481046295166,
    1.183177208328247,
    1.1734867181777955,
    1.1650560483932495,
    1.1591615882873536,
    1.1540545701980591,
    1.1494394397735597,
    1.1454258911132813,
    1.1419672218322754,
    1.1389713678359985,
    1.1363337909698485,
    1.1326073026657104,
    1.130097477722168,
    1.1281199895858764,
    1.1263251951217652,
    1.123775785636902,
    1.121842516708374,
    1.1201620693206786,
    1.1187011346817017,
    1.1167200408935547,
    1.1149806325912475,
    1.1129835838317872,
    1.1118756856918335,
    1.110490692138672,
    1.1076184753417968,
    1.1070016534805298,
    1.1046828708648682,
    1.1027032791137696,
    1.1016200746536255,
    1.1005386583328247,
    1.098546732711792,
    1.097567045211792,
    1.0962524717330933,
    1.0952101179122924,
    1.0941567262649536,
    1.0923918292999268,
    1.0923786125183106,
    1.091035357284546,
    1.0898007150650024,
    1.0886156717300415,
    1.0884803358078003,
    1.0868492132186889,
    1.0858187883377075,
    1.0851833692550659,
    1.0838951370239258,
    1.0829328149795532,
    1.0821053255081177,
    1.0816001804351807,
    1.0804467491149903,
    1.0805245105743408,
    1.0793395053863526,
    1.0777534105300903,
    1.078058152770996,
    1.0774336725234985,
    1.0764266668319702,
    1.0761515928268433,
    1.0752942436218262,
    1.0742026803970337,
    1.0745365579605102,
    1.0734310932159423,
    1.0725184257507325,
    1.0729725185394288,
    1.0717488039016723,
    1.0706544538497924,
    1.070281911277771,
    1.0706995460510254,
    1.069792190361023,
    1.0694066031455993,
    1.0693543754577637,
    1.0677705782890319,
    1.0678027075767518,
    1.0666741306304932,
    1.0662357890129088,
    1.066384730529785,
    1.0659659584045411,
    1.0657056566238403,
    1.0642475936889648,
    1.0644330991744995,
    1.064343219947815,
    1.06299500579834,
    1.0632965376853942,
    1.0635813854217528,
    1.0622333456039428,
    1.0616663458824158,
    1.0622829694747924,
    1.0613995432853698,
    1.060899048423767,
    1.0602763621330262,
    1.0598333934783934,
    1.0601039501190186,
    1.0593912528038025,
    1.0597079298973084,
    1.0588234870910644,
    1.0587989938735962,
    1.0579557285308838
  ],
  "best_loss": 1.0579557285308838,
  "total_time": 715.3149318695068,
  "config": {
    "learning_rate": 0.0001,
    "epochs": 100,
    "vocab_size": 11,
    "model": "tiny_Base"
  }
}