{
  "train_losses": [
    1.2485848617553712,
    1.1393591299057007,
    1.1169300565719604,
    1.102899724006653,
    1.0916204565048218,
    1.0786380662918091,
    1.065942594432831,
    1.0563101853370667,
    1.0467400531768798,
    1.03730462808609,
    1.0298631065368653,
    1.0217561605453491,
    1.0158342721939086,
    1.0086750225067138,
    1.0034693315505983,
    0.9980782384872436,
    0.9920064897537232,
    0.9864641527175904,
    0.9818453125,
    0.9782488873481751,
    0.9730722770690918,
    0.9700799127578735,
    0.9654808891296387,
    0.962721063709259,
    0.9587756691932678,
    0.9562074853897095,
    0.9524065708160401,
    0.9502824884414672,
    0.947850661277771,
    0.9441902070045471,
    0.9425778467178345,
    0.9398525849342346,
    0.9367711647033692,
    0.9341918515205383,
    0.933893818950653,
    0.9304505296707153,
    0.9285084409713745,
    0.9255098582267761,
    0.925152047252655,
    0.9227415722846984,
    0.9202717400550843,
    0.9190197360992431,
    0.9170450863838195,
    0.91531821975708,
    0.913128615283966,
    0.9114680780410767,
    0.9095598525047303,
    0.9084790839195251,
    0.9064593401908875,
    0.9045829215049743,
    0.9026670334815979,
    0.9014030989646912,
    0.90044973154068,
    0.8987957165718079,
    0.8962457953453064,
    0.8959304765701294,
    0.8941307726860046,
    0.8919020874023438,
    0.8914485513687134,
    0.8892795610427856,
    0.8891904406547546,
    0.8867693587303161,
    0.8853587073326111,
    0.8848864779472351,
    0.8825127749443055,
    0.8806168579101562,
    0.8801258393287659,
    0.8790981698036194,
    0.8783445540428162,
    0.8756792573928833,
    0.8758438937187195,
    0.8739460286140441,
    0.8730061376571655,
    0.8721728844642639,
    0.8704625097274781,
    0.8692182980537414,
    0.8683338486671448,
    0.8661441900253296,
    0.8662227672576904,
    0.8644168528556824,
    0.8640798616409302,
    0.861380851650238,
    0.8615469563484192,
    0.8595427056312561,
    0.8590647802352905,
    0.8585120871543884,
    0.8572923195838928,
    0.8553230567932129,
    0.8544090032577515,
    0.8542200135231018,
    0.8528279032707214,
    0.8514036201477051,
    0.8508852429389954,
    0.8503463205337525,
    0.8482390920639038,
    0.8485137904167175,
    0.846937624835968,
    0.8455446106910706,
    0.8453229295730591,
    0.84490649061203
  ],
  "best_loss": 0.84490649061203,
  "total_time": 47738.610219955444,
  "config": {
    "learning_rate": 0.0001,
    "epochs": 100,
    "vocab_size": 11,
    "model": "medium_Base"
  }
}