{
  "train_losses": [
    1.1583305043020067,
    0.6813879787542259,
    0.5843692114398737,
    0.5326096185833026,
    0.5029973457952973,
    0.4817454661153684,
    0.46341778784041193,
    0.45159797835501897,
    0.4390071260321672,
    0.42896941683854267,
    0.41878522163743426,
    0.41184444753987015,
    0.40298805551923766,
    0.3958976078944601,
    0.3904318606397908,
    0.38279750867254414,
    0.3766783483468803,
    0.3707741280649878,
    0.36817225624041955,
    0.36192124607456716,
    0.3581923612743426,
    0.3543331733175144,
    0.34856509763723725,
    0.3455887879156003,
    0.3425508141517639,
    0.33652710098369865,
    0.33392043174452085,
    0.3325132598542863,
    0.3301158752411034,
    0.32480410443749397,
    0.3226873984762058,
    0.32040647621367385,
    0.3171426646269051,
    0.3159323298627404,
    0.31272224142293265,
    0.31172278827163064,
    0.3087448578351622,
    0.3068398408069732,
    0.303319357003376,
    0.3027080246217691,
    0.3016131013441997,
    0.2985124586114458,
    0.29655622581767427,
    0.2948569653520159,
    0.29353822587402,
    0.291155607837021,
    0.29075533664150605,
    0.2893934198625528,
    0.28763047525077867,
    0.2861404322135221,
    0.2851026863998668,
    0.2836882329670487,
    0.2820797898587148,
    0.2820364085921816,
    0.27907587815621854,
    0.27877460391658127,
    0.2774218004790081,
    0.2773804811725191,
    0.2745521562114643,
    0.2732054951843942,
    0.2733692168050511,
    0.27229452882982363,
    0.27166012280685886,
    0.26954964904268836,
    0.2676361969132332,
    0.26825284284011575,
    0.26690553309051857,
    0.26727328900319,
    0.2662955462742763,
    0.2635821848158624,
    0.26508336936592297,
    0.2615307580893207,
    0.2605396329787127,
    0.2605854827127639,
    0.261305232146743,
    0.2626117181246448,
    0.25944746565666926,
    0.25888249211630243,
    0.25817109596957066,
    0.25676136791326437,
    0.25803154109010273,
    0.2568196501511677,
    0.25571309020564814,
    0.254018725388369,
    0.25450018181163037,
    0.25470477285658477,
    0.25231535903587465,
    0.2534422185390618,
    0.2512490033723746,
    0.25257147279134984,
    0.2515418812347825,
    0.25039906647934274,
    0.24937715272235264,
    0.24938689219723842,
    0.24871552901662838,
    0.24852466194113348,
    0.24830197490704287,
    0.24700108977260105,
    0.24834218184659435,
    0.24653265326266077
  ],
  "best_loss": 0.24653265326266077,
  "total_time": 1432.6511480808258,
  "config": {
    "learning_rate": 0.0001,
    "epochs": 100,
    "vocab_size": 16,
    "model": "medium_Base"
  }
}