{
  "train_losses": [
    1.120410560131073,
    0.9377055369377136,
    0.8810586428642273,
    0.8454660627365113,
    0.8151063623428345,
    0.7898965152740478,
    0.7722820150375366,
    0.7563817036628723,
    0.7451832572937012,
    0.7354454428672791,
    0.7269587689399719,
    0.7200504458427429,
    0.7137162951469421,
    0.7087757434844971,
    0.7030038784980774,
    0.698818369960785,
    0.6934435706138611,
    0.6895993796348572,
    0.685133407497406,
    0.6809568168640137,
    0.6777571103096008,
    0.6749344492912293,
    0.6718732459068298,
    0.6687377718925476,
    0.6665901810646057,
    0.664663250541687,
    0.6621244759559631,
    0.6600055461883545,
    0.657905895614624,
    0.6558633773803711,
    0.6539981428146362,
    0.6534898945808411,
    0.6504707086563111,
    0.6491723819732667,
    0.6475903491973877,
    0.6461492994308472,
    0.644177472782135,
    0.6424493167877198,
    0.6414431871414185,
    0.640842174911499,
    0.638918599319458,
    0.6375974321365356,
    0.6370655200958252,
    0.6354317504882813,
    0.6346887480735779,
    0.6334973628997803,
    0.6318920949935913,
    0.6313049652099609,
    0.6298505234718322,
    0.6293673810958862,
    0.62792981300354,
    0.6277138293266297,
    0.6258667674064636,
    0.6250755469322204,
    0.6235190124511719,
    0.6238084417343139,
    0.6224646063804626,
    0.6212520531654357,
    0.6199232253074646,
    0.6188216772079468,
    0.6186545157432556,
    0.617525047492981,
    0.6170909335136413,
    0.6157974387168884,
    0.6154216977119445,
    0.614589064693451,
    0.6138257658004761,
    0.6121856960296631,
    0.6113618521690368,
    0.6105310278892517,
    0.6106891925811767,
    0.6103100665092468,
    0.6078476480484009,
    0.6081621532440186,
    0.6070325088500976,
    0.6056938466072083,
    0.6055760802268982,
    0.6045634371757508,
    0.6041145120620728,
    0.6027045680999756,
    0.6026491909980773,
    0.6016598940849304,
    0.6007646253585815,
    0.600491103553772,
    0.6000884256362915,
    0.5991547985076904,
    0.5982044439315796,
    0.5979090930938721,
    0.5966162421226502,
    0.5960420441627502,
    0.5960141328811646,
    0.595272732925415,
    0.5938298577308655,
    0.593551181602478,
    0.5931254453659057,
    0.592834494972229,
    0.5914947202682496,
    0.5913880910873414,
    0.5896358228683471,
    0.5895116103172302
  ],
  "best_loss": 0.5895116103172302,
  "total_time": 4756.675487995148,
  "config": {
    "learning_rate": 0.0001,
    "epochs": 100,
    "vocab_size": 11,
    "model": "medium_Base"
  }
}